{
  "test_case_fii": "TC-REG-0006",
  "title": "Check - By Compliance Regime Dropdown Options Availability",
  "status": "passed",
  "start_time": "2025-09-16T08:29:49.088Z",
  "end_time": "2025-09-16T08:30:22.099Z",
  "total_duration": "33.01 seconds",
  "steps": [
    {
      "step": 1,
      "stepname": "Navigate to the Opsfolio homepage (https://opsfolio.com)",
      "status": "passed",
      "start_time": "2025-09-16T08:29:49.096Z",
      "end_time": "2025-09-16T08:29:53.347Z"
    },
    {
      "step": 2,
      "stepname": "From the navigation bar, select By Compliance Regime → SOC2",
      "status": "passed",
      "start_time": "2025-09-16T08:29:53.379Z",
      "end_time": "2025-09-16T08:29:56.382Z"
    },
    {
      "step": 3,
      "stepname": "Click on each link and verify correct redirection",
      "expected_links": [
        {
          "label": "Get SOC2 Readiness Assessment",
          "expected_redirect": "SOC2 readiness assessment form/page"
        },
        {
          "label": "Download SOC2 Guide",
          "expected_redirect": "SOC2 guide resource (download or open)"
        },
        {
          "label": "Control Explorer",
          "expected_redirect": "SOC2 control explorer page"
        },
        {
          "label": "SOC2 Type 1 - Get Started",
          "expected_redirect": "SOC2 Type 1 onboarding/get started page"
        },
        {
          "label": "SOC2 Type 2 - Get Started",
          "expected_redirect": "SOC2 Type 2 onboarding/get started page"
        },
        {
          "label": "SOC2+ (Custom) - Get Started",
          "expected_redirect": "SOC2+ custom onboarding/get started page"
        },
        {
          "label": "Start Free Assessment",
          "expected_redirect": "Free assessment form/page"
        },
        {
          "label": "Talk to SOC2 Expert",
          "expected_redirect": "Contact form or consultation scheduling page"
        }
      ],
      "status": "passed",
      "start_time": "2025-09-16T08:29:56.388Z",
      "end_time": "2025-09-16T08:29:56.490Z"
    },
    {
      "step": 4,
      "stepname": "Close the browser",
      "status": "passed",
      "start_time": "2025-09-16T08:29:56.495Z",
      "end_time": "2025-09-16T08:29:56.608Z"
    }
  ]
}
