{
  "test_case_fii": "TC-REG-0001",
  "title": "Check - By Compliance Regime Dropdown Visibility and Label Rendering",
  "status": "passed",
  "start_time": "2025-09-16T08:29:49.088Z",
  "end_time": "2025-09-16T08:30:22.099Z",
  "total_duration": "33.01 seconds",
  "steps": [
    {
      "step": 1,
      "stepname": "Navigate to the Opsfolio homepage (https://opsfolio.com)",
      "status": "passed",
      "start_time": "2025-09-16T08:29:49.096Z",
      "end_time": "2025-09-16T08:29:53.347Z"
    },
    {
      "step": 2,
      "stepname": "Verify that the 'By Compliance Regime' dropdown is visible in the navigation bar",
      "status": "passed",
      "start_time": "2025-09-16T08:29:53.379Z",
      "end_time": "2025-09-16T08:29:56.382Z"
    },
    {
      "step": 3,
      "stepname": "Check that the dropdown label is displayed correctly",
      "status": "passed",
      "start_time": "2025-09-16T08:29:56.388Z",
      "end_time": "2025-09-16T08:29:56.490Z"
    },
    {
      "step": 4,
      "stepname": "Close the browser",
      "status": "passed",
      "start_time": "2025-09-16T08:29:56.495Z",
      "end_time": "2025-09-16T08:29:56.608Z"
    }
  ]
}
