{
  "test_case_fii": "TC-REG-0005",
  "title": "Check - By Compliance Regime Dropdown Options Availability",
  "status": "passed",
  "start_time": "2025-09-17T08:29:49.088Z",
  "end_time": "2025-09-17T08:30:22.099Z",
  "total_duration": "33.01 seconds",
  "steps": [
    {
      "step": 1,
      "stepname": "Navigate to the Opsfolio homepage (https://opsfolio.com)",
      "status": "passed",
      "start_time": "2025-09-17T08:29:49.096Z",
      "end_time": "2025-09-17T08:29:53.347Z"
    },
    {
      "step": 2,
      "stepname": "From the navigation bar, select **By Compliance Regime → SOC2**",
      "status": "passed",
      "start_time": "2025-09-17T08:29:53.379Z",
      "end_time": "2025-09-17T08:29:56.382Z"
    },
    {
      "step": 3,
      "stepname": "Verify that the breadcrumb `Home / Regime / SOC2` is displayed at the top of the page",
      "status": "passed",
      "start_time": "2025-09-17T08:29:56.388Z",
      "end_time": "2025-09-17T08:29:56.490Z"
    },
    {
      "step": 4,
      "stepname": "Confirm that **Home** is rendered as a clickable link",
      "status": "passed",
      "start_time": "2025-09-17T08:29:56.495Z",
      "end_time": "2025-09-17T08:29:56.608Z"
    },
    {
      "step": 5,
      "stepname": "Confirm that **Regime** and **SOC2** are displayed as plain text (not links)",
      "status": "passed",
      "start_time": "2025-09-17T08:29:56.495Z",
      "end_time": "2025-09-17T08:29:56.608Z"
    },
    {
      "step": 6,
      "stepname": "Click the **Home** link and verify that it redirects to the Opsfolio homepage",
      "status": "passed",
      "start_time": "2025-09-17T08:29:56.495Z",
      "end_time": "2025-09-17T08:29:56.608Z"
    },
     {
      "step": 7,
      "stepname": "Close the browser",
      "status": "passed",
      "start_time": "2025-09-17T08:29:56.495Z",
      "end_time": "2025-09-17T08:29:56.608Z"
    }
  ]
}
