First Name,Last Name,URL,Email Address,Company,Position,Connected On
Dustin,Mason,http://gaines.net/,taylorholly@mcdonald.com,Davenport-Hurst,Site engineer,28-Jun-21
Sharon,Price,https://ewing.com/,,"Evans, Grimes and Ruiz",Sports therapist,12-Sep-21
Gary,Gordon,https://www.baker.com/,,Anderson LLC,Insurance risk surveyor,05-May-23
Jose,Bray,https://jimenez.com/,,"Espinoza, White and Collins",Optometrist,30-Aug-23
Ryan,Lewis,http://www.phelps.com/,,Coleman and Sons,"Scientist, marine",07-Nov-23
Katie,Vargas,http://www.dunn.com/,carolynmarshall@burns-mcknight.net,"Nguyen, Martinez and Anderson","Accountant, chartered public finance",01-Jan-23
Walter,Williams,http://skinner.com/,,Cain PLC,"Psychologist, occupational",27-Aug-22
Carrie,Douglas,http://rivers.org/,,Sheppard LLC,Animal technologist,27-Nov-24
Margaret,Todd,http://howard.com/,sarah54@villa-hubbard.com,Hunt-Bruce,"Geologist, engineering",12-Aug-23
Christina,Coleman,https://www.orr.com/,hmitchell@gmail.com,Garza-Drake,Community arts worker,20-Sep-23
Jon,Williams,http://miller.com/,droberson@davis-alvarez.com,"Walker, Villarreal and Carroll",Television/film/video producer,06-Feb-22
Denise,Vang,http://www.gonzalez-smith.com/,,Jones and Sons,"Investment banker, operational",08-Aug-23
Patricia,Herrera,http://swanson-goodman.biz/,,Jackson and Sons,"Administrator, arts",13-Mar-22
Sonia,Nash,http://www.rodriguez.com/,crobertson@johnson-porter.info,Herring-Gallegos,"Therapist, horticultural",29-Nov-22
Amy,Gray,https://www.villarreal-obrien.com/,,Jennings and Sons,Systems developer,29-May-20
Julia,Davidson,http://perry.com/,elizabeth52@johnston.biz,Miller LLC,Planning and development surveyor,21-May-22
Nathan,Kim,https://www.anderson-hickman.net/,,Hernandez-Barnes,Fine artist,28-Sep-20
Joe,Franco,https://weber.com/,williammcdowell@hotmail.com,Kim-Becker,"Engineer, communications",09-Oct-22
Destiny,Wright,https://www.baker.net/,,"Robinson, Neal and Maddox",Multimedia programmer,02-Dec-21
Mary,Hall,https://parsons.com/,robert50@yahoo.com,Garner Ltd,Youth worker,18-Jul-21
Melody,Lewis,https://edwards.net/,,"Ramsey, Green and Herring","Surveyor, building control",05-Sep-22
Steven,Butler,http://www.martinez.com/,,Ferrell and Sons,Financial adviser,30-Oct-22
Eileen,Bradford,http://snyder.com/,,"Oneill, Watson and Simon",Gaffer,04-Feb-22
Charlotte,Montoya,http://www.morgan.com/,thompsondana@gmail.com,"Cruz, Barton and Mayer",Land/geomatics surveyor,05-Jun-23
Deanna,Davis,http://parks.info/,,Herrera-Thornton,,07-Mar-20
Molly,Williams,https://www.leon-neal.biz/,,"Davis, Moore and Welch",Special effects artist,19-Oct-23
Stephanie,Anderson,http://www.sawyer-clark.com/,gerald31@foster.com,Mueller LLC,Historic buildings inspector/conservation officer,18-Nov-21
James,Alvarado,https://love.info/,andrealewis@melendez.org,Douglas Ltd,"Accountant, chartered public finance",26-Jul-21
Christina,Berry,https://berry.com/,,"Summers, Ryan and Davis",Accommodation manager,29-Aug-21
William,Jones,https://www.duffy-johnson.biz/,,Bell LLC,"Lighting technician, broadcasting/film/video",03-Aug-22
Alexander,Dennis,http://chandler.com/,,Hoover-Johnson,Production engineer,15-Oct-21
Lisa,Moore,http://www.lowery-krueger.com/,,"Alvarez, Wood and Smith",Volunteer coordinator,25-Nov-23
Crystal,Miller,http://www.foster-beasley.org/,,Guzman-Good,Logistics and distribution manager,07-Aug-21
Michael,Jones,http://www.sanchez-smith.com/,,Mathews-Hall,"Psychologist, sport and exercise",23-Oct-20
Angela,Jones,https://parsons.com/,,"Davis, Moran and Molina",Social worker,25-Dec-23
Clifford,Taylor,https://www.myers.com/,,,"Education officer, community",01-Jun-24
Denise,Green,http://jackson.com/,,Marks LLC,Film/video editor,25-Feb-20
Teresa,Gutierrez,https://gomez.biz/,donaldromero@stevens.biz,,Call centre manager,03-Feb-23
Patrick,Elliott,https://hernandez.com/,,"Davis, Johnson and Mclaughlin",Agricultural engineer,14-Aug-24
Brent,Montgomery,https://ramirez-curtis.com/,,"Wilkins, Weber and Clark",Exhibition designer,15-Apr-24
Christopher,Park,http://williams.com/,garciabrian@yahoo.com,Smith-Cooper,Artist,06-Sep-24
Sarah,Martinez,https://hale.com/,beverlysharp@scott.biz,Middleton-Roberts,Printmaker,27-May-23
Erica,Murphy,http://clark.com/,,Cook Group,Dramatherapist,03-Dec-23
Eric,Bell,http://griffin.com/,,"Keith, Medina and Jackson",Toxicologist,21-Feb-20
Brittany,Moreno,https://salinas.org/,,Mcdonald LLC,,18-Jun-23
Michael,Baker,http://wallace.net/,,,Psychiatrist,17-Mar-21
Yesenia,King,http://meza.info/,,"Thompson, Reed and Williams",Accounting technician,13-Apr-23
Christy,Smith,http://garcia.org/,aprilmorris@gmail.com,"Harris, Brown and Sloan","Psychologist, educational",13-Sep-24
James,Williams,http://www.mahoney-johnson.net/,,Vasquez Group,"Teacher, secondary school",20-Sep-22
Derrick,Little,http://smith.biz/,,Ellis-Garcia,"Engineer, maintenance",26-Nov-24
Donna,Baker,https://www.torres-davies.info/,,"Cruz, Hernandez and Anderson",Film/video editor,17-Mar-24
Hector,Thomas,http://www.cortez-miller.net/,,,"Engineer, communications",19-Mar-22
Allison,Diaz,https://nunez-baker.info/,nicole86@harper.net,"Johnson, Hancock and Arnold",Homeopath,01-Dec-21
David,Johnson,https://www.kim-mcknight.org/,,,Chief Financial Officer,02-Aug-20
Dennis,Harris,http://harris-reyes.net/,,Morales-Bailey,"Engineer, communications",02-Aug-22
Justin,Thompson,https://www.sandoval-ford.com/,,"Church, Lawrence and Mitchell",Facilities manager,16-Feb-20
Anthony,Williams,https://www.adams.com/,,"Rivera, Parker and Roberts","Development worker, community",09-Dec-20
Denise,Rocha,http://www.alvarez-dillon.com/,,Haley Group,Psychotherapist,09-Jun-21
Joseph,Green,http://hanson-hodges.org/,joannsmith@gmail.com,West-Bailey,Minerals surveyor,03-Jun-21
Thomas,Schmidt,https://johnston.net/,,"Ibarra, Sutton and Lane","Engineer, communications",18-Apr-23
Marcus,Garcia,https://nelson.info/,schaeferdavid@hotmail.com,"Smith, Oliver and Moss",Chartered loss adjuster,17-Aug-23
Jeffery,Johnson,https://delgado.com/,,Jackson LLC,Charity officer,22-Jun-20
Bethany,Miller,http://www.west.com/,hmiller@christensen.com,"Thomas, Howard and Johnson",Operational investment banker,02-Jun-21
Christine,Benson,http://www.moore-castro.net/,,Howard-Hernandez,"Surveyor, land/geomatics",31-May-22
Stacy,Navarro,http://www.lopez.com/,,,Garment/textile technologist,05-Jun-24
Virginia,Blair,http://www.torres-caldwell.com/,,Stone and Sons,Metallurgist,27-Sep-24
Kenneth,Taylor,https://wallace.com/,,Rodriguez-Parker,General practice doctor,02-Sep-22
Michael,Ramos,https://hernandez-hernandez.com/,,"Lowe, Ramos and Pierce",Radio producer,10-Aug-21
Douglas,Cobb,https://www.davidson.com/,,King Ltd,"Scientist, research (maths)",14-Sep-20
Lynn,Martinez,http://www.stephens-hardy.org/,,Washington Inc,Research scientist (medical),07-Feb-23
Dennis,Jones,https://stewart.com/,,"Tate, May and Banks",Planning and development surveyor,10-Apr-24
Amanda,Rivera,http://shah.com/,,Moss and Sons,,31-Oct-20
Christopher,Ramirez,http://www.gardner.info/,,Kim LLC,Special educational needs teacher,23-Jan-21
Duane,Johnson,http://www.meyers-montes.net/,ydaugherty@liu.com,"Harrington, Adkins and Ayers",Broadcast engineer,18-Jan-21
Morgan,Wise,http://roberts-hall.com/,,Wright-Davis,Printmaker,18-Apr-20
Linda,Sanders,https://cervantes.com/,,"Berger, Miller and Santos",Energy engineer,22-Oct-21
Alicia,Ramirez,https://www.schultz.com/,,,Arts administrator,22-Oct-21
Katherine,Nixon,http://stone.com/,david46@gordon-diaz.com,"Smith, Schultz and Barnes","Nurse, children's",05-Nov-23
Kenneth,Yang,https://benton.biz/,william28@newman.com,,Mining engineer,11-Jun-24
Andrew,Cabrera,https://www.horne.net/,,George Group,"Loss adjuster, chartered",28-Oct-21
Shelby,Johnson,http://woods.com/,mckenzie42@gmail.com,Griffin-Fernandez,Community education officer,09-Apr-21
Rebecca,Porter,http://duncan-nielsen.org/,,Brown-Macias,"Designer, exhibition/display",24-Nov-23
Sarah,Matthews,http://ramirez.com/,,Solis-Baker,"Production designer, theatre/television/film",20-Dec-21
Laura,Knight,https://www.wyatt.com/,,,"Investment banker, operational",10-Mar-20
Michael,Watson,https://www.hurst.org/,,Montgomery Ltd,Barrister,21-Feb-23
Pamela,Rocha,https://www.thompson-jones.com/,,"Adams, Mcpherson and Dominguez","Psychotherapist, child",05-Aug-22
Joseph,Moody,http://smith.com/,,Powell-Walter,Marketing executive,31-Oct-21
Michael,Sanchez,http://spears.com/,,"Greer, Schmidt and Harris",Mechanical engineer,25-Jun-20
Tyrone,Stewart,http://www.booth.com/,,,Therapeutic radiographer,19-Jan-22
Stacey,Hunt,https://www.harrison-kerr.com/,,"Collins, Hernandez and Sharp",,31-Oct-24
Jeffrey,Lee,http://www.martinez-barr.net/,,Saunders and Sons,Race relations officer,21-Oct-21
Caleb,White,http://chang.com/,,"Briggs, Mccarthy and Mason","Engineer, water",06-Jun-23
Grace,Marshall,https://morris.com/,,"Davis, Moss and Carson","Programmer, applications",26-Aug-22
Jessica,Dunn,http://www.mcgrath-medina.info/,,Weber-Martinez,Event organiser,18-Oct-20
Judy,Huynh,https://odonnell.com/,,Thompson-Conley,Advertising account executive,03-Apr-20
Robert,Hale,https://www.duke.com/,,Huber-Howard,IT consultant,15-Mar-22
Raymond,Eaton,http://www.lee.net/,adrianrogers@gray.com,Vance-Adams,Herpetologist,17-Mar-24
Cathy,Haynes,https://brown.com/,,Martin-Harrington,"Geneticist, molecular",02-Apr-23
James,Stokes,https://www.perry-nelson.com/,,"Sims, Becker and Garrett","Surveyor, building control",16-Oct-22
Phillip,Love,http://miller.org/,,"Aguilar, Stark and Steele","Engineer, maintenance",04-May-21
Charles,Barton,http://gardner.net/,,"Price, Gregory and Huynh","Scientist, physiological",12-Oct-23
Michael,Acosta,https://jenkins-jones.com/,,Miller-Mccoy,"Scientist, biomedical",12-Oct-20
Alan,Jackson,http://www.smith.info/,,"Cordova, Little and Johnson",,09-Nov-24
Tammy,Kirk,http://nelson.com/,,Davis-Rodgers,Learning mentor,30-Sep-21
Margaret,Sanchez,http://www.davis.org/,,Robinson LLC,"Engineer, water",29-Dec-19
Monica,Mckee,https://davis.net/,,Collins-Mitchell,Immigration officer,30-Nov-22
James,Murray,https://www.bolton.com/,,"Villanueva, Bautista and Ramirez",Technical sales engineer,21-Dec-23
Kristine,Roberts,https://www.singleton-hamilton.biz/,,,,21-Jun-24
Barbara,Walsh,https://cunningham.org/,,"Ward, Hunter and Fleming",Hospital pharmacist,20-May-23
Samuel,James,https://www.shepard-ibarra.com/,,Robinson PLC,Health service manager,02-May-21
Mario,Phillips,http://www.bell.net/,,,"Scientist, physiological",15-Feb-21
James,Giles,https://garcia.net/,qhicks@gmail.com,Mclean-Alexander,Technical author,30-Jul-24
Michael,Brown,https://pearson.com/,,Barajas LLC,Administrator,10-Jan-22
Laura,Pace,https://www.estes-jones.com/,,White Inc,Prison officer,08-Nov-22
Jeffrey,Rodriguez,https://www.ramos.org/,donaldsonangela@hotmail.com,,"Pharmacist, hospital",07-Jul-22
Mary,Taylor,https://calhoun.com/,,"Hernandez, Reyes and Walker",Higher education careers adviser,20-May-24
Susan,Walsh,https://www.johnson.biz/,,"Williams, Wright and Graves",Geographical information systems officer,15-Nov-22
Megan,Harris,https://jackson-west.com/,christopherjohnson@reyes-burke.com,"Riley, Lara and Miller","Pilot, airline",02-Nov-22
Devin,Holden,http://www.smith.com/,,,Psychotherapist,06-Mar-23
Michelle,Hill,https://www.long.com/,,"Robinson, Lam and Woods",Theatre director,08-May-24
Candace,Roth,http://matthews-hale.com/,,Castaneda PLC,,01-Mar-20
Antonio,Mitchell,http://pierce.com/,,Moyer-Davies,Clinical embryologist,16-Nov-23
Mary,Freeman,https://hill.com/,,Harris LLC,,12-Nov-23
Andrew,Mejia,http://hill-le.com/,,Moore-Smith,Community arts worker,03-Feb-22
Samantha,Garcia,http://james-white.org/,alexanderjohnson@preston.biz,Taylor-Phillips,,27-Jun-20
Daniel,Williamson,http://www.massey.org/,jocelyn52@hotmail.com,Washington-Cline,,29-Mar-23
Melissa,Leonard,https://hill-beasley.com/,mendozaapril@gmail.com,"Choi, Boyd and Jones",Systems developer,26-Aug-20
Dennis,Olson,https://simmons.net/,,Lee-Foster,Herbalist,07-Jun-21
Virginia,Gardner,https://adams.com/,karen72@cardenas-anderson.com,"Mcmillan, Young and Thompson","Journalist, newspaper",26-Jul-23
Robert,Smith,https://www.wolfe.net/,,,Photographer,12-May-20
Mark,Cruz,http://hart.com/,,Kerr-Watkins,"Development worker, community",30-Sep-20
Jesse,Brown,http://www.fletcher.com/,,Smith-Brooks,Science writer,06-Feb-20
Thomas,Jenkins,https://www.stephens-mason.info/,,Hull-Jacobson,Stage manager,05-Dec-21
Gregory,Smith,http://www.nash-dunn.info/,,Gomez-Randolph,,24-Dec-22
Pamela,Marshall,https://www.young-holmes.com/,crivera@yahoo.com,"Jones, Schultz and Butler",Industrial/product designer,19-Dec-20
Kelly,Williams,http://www.ferguson.net/,,Smith-Rodriguez,,24-Sep-22
Christine,Mason,http://mathews.org/,,"Owens, Oconnor and Stevenson","Engineer, building services",23-Oct-24
Joel,Miller,http://trujillo.info/,,Nelson Inc,Hydrogeologist,30-Aug-24
Sarah,Garcia,https://www.brown.org/,swhite@brown-johnson.com,Vasquez and Sons,Health and safety inspector,13-Nov-20
Brett,Hill,https://miller.com/,,Jenkins-Martinez,Medical secretary,08-Oct-22
Sheila,Shaw,http://www.arroyo.info/,,"Murphy, Lee and Johnson",Quality manager,20-Dec-19
Patrick,Allen,https://www.gutierrez.net/,,Campbell-Miller,"Social research officer, government",10-Nov-24
Timothy,Haley,https://www.walker-castillo.org/,,"Perkins, Hardy and Owens","Administrator, charities/voluntary organisations",12-May-24
Laura,Miller,http://williams-myers.info/,,Butler-Grant,"Engineer, civil (consulting)",28-Mar-23
Jessica,Joseph,https://joyce-davis.info/,,Logan-Richmond,Telecommunications researcher,30-Sep-21
Levi,Brown,https://ramos-lang.biz/,,Byrd-Young,Financial risk analyst,21-Mar-23
Craig,Blair,https://www.nelson-arroyo.com/,,Blake-Wilson,International aid/development worker,13-Aug-21
Jill,Johnson,http://www.sanchez.org/,,"Olsen, Myers and Obrien",Retail merchandiser,27-Apr-24
Monica,Williams,http://stevens.com/,williamrobinson@thompson.biz,"Douglas, Gray and Hunter",,23-Jun-20
Sean,Singh,https://www.holt-rogers.biz/,latoya25@hotmail.com,,"Designer, blown glass/stained glass",03-Jul-20
Eric,Stevens,http://hawkins.com/,,Jones Group,Museum/gallery curator,14-Aug-20
James,James,https://parker.com/,,Myers Inc,Futures trader,28-Mar-21
Larry,Carr,https://cameron.biz/,,"Olson, Kim and Griffin",Database administrator,25-Oct-24
Jennifer,Russo,http://www.davidson-rice.com/,,"Davidson, Adams and Crane",Restaurant manager,14-Sep-24
James,Francis,https://www.jackson-hamilton.com/,,Barnes-Owens,"Therapist, speech and language",03-Sep-22
Richard,Turner,http://www.schmitt.com/,ssharp@mckinney-nguyen.net,Merritt-Cervantes,Chiropodist,03-Aug-21
Courtney,Roman,http://www.wade.org/,jonesann@branch.net,"Williams, King and Henry",Sport and exercise psychologist,26-Apr-22
Patrick,Brandt,http://www.ruiz.com/,xlopez@yahoo.com,Morgan Inc,Photographer,04-Jun-24
Michael,Bean,http://www.robbins.info/,,,Research scientist (maths),28-May-24
Laura,Barker,https://www.king.org/,markmendoza@thomas-cruz.com,"Beck, Miller and Turner","Scientist, research (physical sciences)",27-Jul-21
Kimberly,Rivas,http://collins.com/,,Soto and Sons,"Teacher, adult education",11-Mar-21
David,Allen,https://www.lewis.com/,,Brooks Ltd,Fisheries officer,02-Mar-22
David,Garner,https://www.bailey.net/,,Smith Group,Human resources officer,31-Jul-22
Cody,Richardson,http://www.allen.com/,nicholasray@frye.com,"Herrera, Lawson and Jones",,27-Aug-22
Abigail,Robinson,http://www.houston.info/,,Hernandez-Taylor,Land,26-Sep-24
Kristen,Lawrence,http://davis-dixon.org/,,Jones LLC,"Psychologist, occupational",18-Oct-21
Tracy,Webb,http://cruz.net/,,Farmer LLC,,23-Oct-20
Marvin,Long,https://conner.com/,juan35@butler.biz,,"Engineer, automotive",15-Sep-24
Brian,Arnold,https://dennis-parker.org/,,"Hill, Garcia and Hall",Public affairs consultant,30-Nov-22
Albert,Shields,https://burns.com/,,Walsh Inc,Tour manager,06-May-23
Albert,Garza,https://bennett.com/,reynoldsjeff@gmail.com,,Tourism officer,02-Apr-23
Carla,Reese,http://www.bowen.com/,,Reeves Ltd,Facilities manager,21-Nov-22
Connor,Miller,http://www.white-evans.biz/,webstertina@yahoo.com,"Jones, Jordan and Jones",Barista,24-Feb-21
David,Mejia,https://joseph.com/,,"Bell, Martinez and Kaufman",Public relations account executive,20-Sep-24
Eric,Cameron,https://www.walls-martin.net/,jclarke@hotmail.com,Hurley Group,Accommodation manager,21-Aug-20
Christine,Morgan,https://www.osborne.biz/,,Morton Ltd,Historic buildings inspector/conservation officer,15-Jan-20
Colton,Reynolds,http://www.smith-jackson.net/,benjamin80@yahoo.com,Thomas-Rodriguez,"Psychologist, counselling",30-Nov-22
Matthew,Soto,http://www.porter-anderson.com/,,Brown-Cruz,Adult guidance worker,26-Jan-23
Theresa,Powell,https://walls-russell.com/,yoderlaura@nichols-cuevas.com,Cunningham Inc,"Engineer, agricultural",07-Jul-24
Julie,Golden,http://cochran.com/,,Taylor Ltd,,08-Feb-22
William,Murray,https://chambers.com/,,Miles-Prince,Retail manager,03-Mar-22
Heather,Cooper,https://taylor.com/,,,Broadcast presenter,10-Aug-21
Julie,Thomas,https://williams.info/,,"Strickland, Campos and Stewart",Trading standards officer,07-Sep-21
Ashley,Powers,http://williams-johnson.biz/,,Johnson PLC,Special educational needs teacher,22-Apr-22
Christian,Rivera,http://galvan.net/,,Zimmerman and Sons,,02-Jan-23
Peter,Hill,https://cunningham.com/,,Merritt Inc,Musician,14-Mar-22
Andrew,Aguilar,https://heath.com/,,,Translator,21-Jun-24
Joseph,Lucas,https://www.merritt-nichols.com/,josephwatkins@gmail.com,Morgan LLC,Geophysicist/field seismologist,24-Sep-22
Bobby,Harmon,http://henson.com/,pamelakhan@carter-cline.info,,Make,04-Mar-21
Melissa,Edwards,https://www.york.com/,jsimmons@yahoo.com,Mora-Fletcher,Travel agency manager,28-Sep-23
Mindy,Lewis,https://clark-ford.org/,ggraves@gmail.com,Lloyd Group,Barista,20-Dec-23
Lisa,Smith,http://watkins.com/,,"Hill, Jones and Davis",Immunologist,25-Feb-20
