First Name,Last Name,URL,Email Address,Company,Position,Connected On
Fathima,Nazar,https://www.linkedin.com/in/fathima-nazar-65314a30,,Citrus Informatics (India) Pvt Ltd,Associate Business Analyst,29-Nov-24
Sarji,Mohammedali,https://www.linkedin.com/in/sarji,,Citrus Informatics (India) Pvt Ltd,Chief Executive Officer,29-Nov-24
Anish,Varghese,https://www.linkedin.com/in/anish-varghese-6329a311b,,EY,Lead Analyst,29-Nov-24
Muhsina,A A,https://www.linkedin.com/in/muhsina-a-a-053917190,,,,29-Nov-24
JINSA,JAMAL,https://www.linkedin.com/in/jinsa-jamal-101117203,,Citrus Informatics (India) Pvt Ltd,Software Engineer,27-Nov-24
Vivek ,Rajeev,https://www.linkedin.com/in/vivek-rajeev-a9321959,,Citrus Informatics (India) Pvt Ltd,Software Quality Assurance Engineer,27-Nov-24
Priyanka,S,https://www.linkedin.com/in/priyanka-s-624b091a9,,Citrus Informatics (India) Pvt Ltd,Senior Software Engineer,27-Nov-24
Anugra,Babu,https://www.linkedin.com/in/anugra-babu,,Citrus Informatics (India) Pvt Ltd,Senior Quality Analyst,19-Nov-24
Vigneshwaran,Viswanathan,https://www.linkedin.com/in/vigneshwaran-viswanathan-3933861a1,,Capillary Technologies,Software Developer,23-Oct-24
Rejina,K P,https://www.linkedin.com/in/rejina-k-p-790b0b12a,,Citrus Informatics (India) Pvt Ltd,Senior Software Engineer,03-Oct-24
Rose Juno,Lucy,https://www.linkedin.com/in/rose-juno-lucy-b1158846,,CITRUS INFORMATICS (INDIA) PRIVATE LIMITED,Associate Manager - Qualty,01-Oct-24
Subhash,Kannanchery 🤝,https://www.linkedin.com/in/subhash-kannanchery-%F0%9F%A4%9D-31b2b838,,Citrus Informatics (India) Pvt Ltd,Lead Digital Marketing Specialist ,01-Oct-24
Reshma,unni,https://www.linkedin.com/in/reshma-unni-17125a29a,,HR Vend,Human Resources Specialist,29-Jun-24
RIJO,JOSEPH,https://www.linkedin.com/in/rijo-joseph-leadqa2023,,Citrus Informatics (India) Pvt Ltd,Lead Software QA Engineer,29-Jun-24
Jewel,Bonnie,https://www.linkedin.com/in/jewel-bonnie-0927ab154,,Citrus Informatics (India) Pvt Ltd,Software Engineer,13-Jun-24
Jobin,Joju,https://www.linkedin.com/in/jobin-joju-07b105131,,Infosys Limited,Technology Lead,09-May-24
Misha,Muraly,https://www.linkedin.com/in/misha-muraly-3220b9190,,Citrus Informatics (India) Pvt Ltd,Senior Software Engineer,09-May-24
Afsal,Madathingal,https://www.linkedin.com/in/afsalmadathingal,,YouTube,Content Creator,09-May-24
Vinoy,Alexander,https://www.linkedin.com/in/vinoy-alexander-29542245,,Citrus Informatics (India) Pvt Ltd,Senior Software Engineer,09-May-24
Shiju,Shaji,https://www.linkedin.com/in/shijushaji00,,DIAGNAL,Talent Acquisition Lead,09-May-24
Vidhya,Gopinadh,https://www.linkedin.com/in/vidhyagopinadh,,Citrus Informatics (India) Pvt Ltd,Lead Software Engineer,07-May-24
Arunraj,A,https://www.linkedin.com/in/arunraj98,,Citrus Informatics (India) Pvt Ltd,Software Engineer,20-Apr-24
Amrutha,VS,https://www.linkedin.com/in/amrutha-vs-197a5a54,,Adani Airport Holdings Ltd,Officer- Airport Operations Control Center,20-Apr-24
Maneesh,PM,https://www.linkedin.com/in/maneesh-pm-87190973,,Citrus Informatics (India) Pvt Ltd,Senior Software Engineer,20-Apr-24
Firoz,Musthafa,https://www.linkedin.com/in/firoz-parakkat,,Thrillark,Co-Founder & COO,19-Mar-24
Eldhose,C kurian,https://www.linkedin.com/in/eldhose-c-kurian-51711024b,,Citrus Informatics (India) Pvt Ltd,Senior Data Specialist,19-Mar-24
ASWATHY,KARTHIKEYAN,https://www.linkedin.com/in/aswathy-karthikeyan-7218b1233,,SBSOL DIGITAL PRIVATE LIMITED,Senior Software Engineer,19-Mar-24
Shinju,Palakkal,https://www.linkedin.com/in/shinju-palakkal-0267b09a,,ITC Infotech,Lead Consultant,19-Mar-24
ARYA,ULLAS,https://www.linkedin.com/in/arya-ullas-316557134,,Global Infonet Inc.,Human Resources Executive,19-Mar-24
praveen,p,https://www.linkedin.com/in/praveen-p-15349666,,ZineMind,Senior Software Developer,21-Feb-24
Reshma,Paul,https://www.linkedin.com/in/reshma-paul-bb620b11a,,Citrus Informatics (India) Pvt Ltd,Senior Software Engineer,16-Feb-24
,,,,,,13-Feb-24
Rajesh,Mohan,https://www.linkedin.com/in/rajesh-mohan-063aa66,,ISPG Technologies (I) Pvt Ltd,PHP Programmer,13-Feb-24
Vaisakh,Mohanan,https://www.linkedin.com/in/vaisakh-mohanan-4478a7157,,Citrus Informatics (India) Pvt Ltd,Java Developer,11-Feb-24
Aiswarya P,Ajit,https://www.linkedin.com/in/aiswarya-p-ajit-739363aa,,Citrus Informatics (India) Pvt Ltd,Senior Software Engineer,09-Feb-24
Jijo,M P,https://www.linkedin.com/in/jijomp,,Citrus Informatics (India) Pvt Ltd,Lead Software Engineer & Architecture,09-Feb-24
praseetha,g nair,https://www.linkedin.com/in/praseetha-g-nair-07756499,,Citrus Informatics (India) Pvt Ltd,Lead Software Engineer,09-Feb-24
Akhil,Reghuvaran,https://www.linkedin.com/in/akhil-reghuvaran-24829a1a2,,Citrus Informatics (India) Pvt Ltd,Senior Software QA Engineer,02-Feb-24
Minnu,Rahman,https://www.linkedin.com/in/minnu-rahman-3aba81129,,Bridge Global,Senior Executive - Talent Acquisition,02-Feb-24
Varsha,V T,https://www.linkedin.com/in/varsha-v-t,,Citrus Informatics (India) Pvt Ltd,Software Engineer,26-Jan-24
Unni Krishnan,N,https://www.linkedin.com/in/dev-unnikrishnan,,Litmus7,Senior Engineer,15-Dec-23
Agnes,Joseph,https://www.linkedin.com/in/agnes-joseph-62993198,,CitrusInformatics ,Senior Software Engineer,15-Dec-23
Doniya,Joy,https://www.linkedin.com/in/doniya-joy,,Bally's Interactive,iOS Developer,02-Dec-23
Sneha ,J,https://www.linkedin.com/in/sneha-j-44a403210,,Beinex,QA Engineer,02-Dec-23
ANCEL TREASA,JOSE,https://www.linkedin.com/in/ancel-treasa,,Citrus Informatics (India) Pvt Ltd,Software Engineer,06-Oct-23
ANJU,S,https://www.linkedin.com/in/anjusanjana92,,Citrus Informatics (India) Pvt Ltd,Senior Software Engineer,06-Oct-23
Geo,V L,https://www.linkedin.com/in/geovlazar,,Citrus Informatics (India) Pvt Ltd,Manager - Technology ,17-Sep-23
Arun,"K R, PMP®, DASSM®, DASM®",https://www.linkedin.com/in/arunkrqa,,Citrus Informatics (India) Pvt Ltd,Manager -Quality,18-Aug-23
Rameesa,Palapatta,https://www.linkedin.com/in/rameesa-palapatta,,Citrus Informatics (India) Pvt Ltd,Software Engineer,18-Aug-23
Evette Maria,Morris,https://www.linkedin.com/in/evette-maria-morris-85a091b7,,TechMaven IT Solutions Pvt. Ltd,HR Manager,11-Aug-23
Anushka,Pandey,https://www.linkedin.com/in/anushka-pandey-25214a213,,A V Immigration and Careers Consultancy Pvt Ltd (Apex Visas),Senior Digital Marketer,21-Jul-23
Kapil,KM,https://www.linkedin.com/in/kapil-km-339499b9,,AIA Digital+,Manager - End User Experience,21-Jul-23
Anjali,Menon,https://www.linkedin.com/in/anjali-menon-zerone,,Zerone Consulting,Senior Technical Recruiter,20-Feb-23
,,,,,,20-Feb-23
Saumya,R,https://www.linkedin.com/in/saumya-r-07b4a9167,,Grapelime Innovations,HR Manager,20-Feb-23
Sakar,Pathak,https://www.linkedin.com/in/sakar-pathak-7544a34a,,,,20-Feb-23
Arun,Oommen,https://www.linkedin.com/in/arunoommen170890,,Quick Service Trading and Construction L.L.C,Mechanical Engineer,20-Feb-23
Anandhan,Muthukrishnan,https://www.linkedin.com/in/anandhan-m-480504205,,Goequi,Product Manager,30-Nov-22
DATA CODES,Technologies,https://www.linkedin.com/in/data-codes-technologies-9b078818b,,DATA CODES Technologies,Founder,30-Nov-22
vasanthan,r k,https://www.linkedin.com/in/vasanthan-r-k-b3399a51,,Tuna Software Solutions Pvt Ltd,Senior Software Engineer,30-Nov-22
Naiju Philomina,Jose,https://www.linkedin.com/in/naijumariaajose,,Tata Consultancy Services,Assistant Consultant,03-Oct-22
Mrudush,Cholliyil,https://www.linkedin.com/in/mrudushc,,Poppulo,Software Development Engineer II,27-Sep-22
Renjini,R,https://www.linkedin.com/in/renjini-r,,PearlSoft Technologies,Senior HR Executive,05-Sep-22
Baiju,Velayudhan,https://www.linkedin.com/in/baiju-velayudhan,,Citrus Informatics,Lead Software Engineer,22-Aug-22
Roshni,Kuruvilla,https://www.linkedin.com/in/roshni-kuruvilla-757b3249,,Accenture,Quality Engineering Specialist,07-Aug-22
Shijil,Chandran,https://www.linkedin.com/in/shijil-chandran-022652147,,Ozone United Company L.L.C,Senior Software Engineer,07-Aug-22
Shanmugavel,Arunachalam,https://www.linkedin.com/in/shanmugavel-arunachalam-a2963a165,,Colan Infotech Private Limited,Senior Dotnet Developer,07-Aug-22
Afsal,M A,https://www.linkedin.com/in/ma-one,,,,02-Aug-22
VISAKH,RAMESH,https://www.linkedin.com/in/visakh-ramesh-69246bb3,,ISPG Technologies India Pvt Ltd,Growth Marketer,02-Aug-22
Alex,kollamala,https://www.linkedin.com/in/alex-kollamala-195ba2227,,Emirates Flight Catering,Technical Staff,02-Aug-22
Jijo,Joy,https://www.linkedin.com/in/jijo-joy-673077219,,Adani Airport Holdings Ltd,AOCC OFFICER,01-Aug-22
Nidhiya,Abraham,https://www.linkedin.com/in/nidhiya-abraham-19b447227,,MicroObjects Pvt. Ltd,Senior Software Engineer,13-Jul-22
MPR Builders and,Engineering Constructions,https://www.linkedin.com/in/mprbuilders,,MPR Builders & Engineering Constructions,CEO,13-Jul-22
Jojo,Jose,https://www.linkedin.com/in/jojo-jose-509187b5,,Yeel Pay,Android Developer,13-Jul-22
Ashwani,Sugathan,https://www.linkedin.com/in/ashwani-sugathan-94841414b,,Webandcrafts,Sr.HR Executive,13-Jul-22
Ansar,Muhammad,https://www.linkedin.com/in/ansar-muhammad-1a9506b4,,EtihadWE,Electrical Engineer Field Operation(11/0.430kv),24-Nov-21
Arun,Dev,https://www.linkedin.com/in/arun-dev-1963197a,,Squadsis Technologies Private Limited,Senior Technical Analyst,23-Nov-21
Arun,.,https://www.linkedin.com/in/arun-a38508164,,Trenser Technology Solutions (P) Ltd.,Senior Software Engineer,16-Nov-21
Nidheesh,Purushan,https://www.linkedin.com/in/nidheesh-purushan-9a8409a6,,ISPG Technologies India Pvt Ltd,Software Test Engineer,16-Nov-21
Athira,Mohan,https://www.linkedin.com/in/athira-mohan-3a579b142,,Dubai Holding,Business Analyst,21-Oct-21
Akhil,V V,https://www.linkedin.com/in/akhilvv,,ZAKYSOFT SOLUTIONS PRIVATE LIMITED ,Senior Software Engineer,15-Sep-21
Sibili,Iqbal,https://www.linkedin.com/in/sibili-iqbal-9050b11a,,Fidelity Investments,Principal Software Engineer,12-Sep-21
Angel,Jackson,https://www.linkedin.com/in/angel-jackson-001523197,,Exito Media Concepts Pvt Ltd,Executive Graphic Designer,08-Sep-21
Toji Merlyn,Thomas,https://www.linkedin.com/in/toji-merlyn-thomas25,,Mannai InfoTech,Quality Assurance Analyst,31-Jul-21
Alan,Jose,https://www.linkedin.com/in/alanjk90,,Simeio,Cloud Architect,27-Jul-21
Shamily,Sivan,https://www.linkedin.com/in/shamily-sivan1997,,Crozaint Technologies Pvt Ltd,DevOps Engineer,27-Jul-21
Midhun,M,https://www.linkedin.com/in/midhun-m-0380a1ab,,Telet Technologies,Project Manager,27-Jul-21
Levite,George Kuruvilla,https://www.linkedin.com/in/levite-george-kuruvilla-17aa495a,,MacIntyre,Health support worker ,27-Jul-21
Resmi S,Raju,https://www.linkedin.com/in/resmi-s-raju-190987172,,InApp,System Analyst,05-Jun-21
Jerry,Fabian,https://www.linkedin.com/in/jerry-fabian-20625356,,TechTaliya Informatics (P) Ltd.,Senior Software Engineer,31-May-21
Shimna,Narayanan,https://www.linkedin.com/in/shimna-narayanan-28a486185,,Tata Elxsi,Specialist,25-May-21
 Nibina,Shaji,https://www.linkedin.com/in/nibina-shaji-830599153,,Litmus7,Senior Associate Strategic Talent Acquisition ,12-May-21
Mohammed Anish,B,https://www.linkedin.com/in/mohammed-anish,,Travancore Analytics,Lead Engineer,09-May-21
Melwin,Jose Kunnel,https://www.linkedin.com/in/melwin-jose-k-qhse-operations-professional,,Liftek International,Operations Engineer - QHSE In Charge,07-May-21
Jeevanbabu,K.S,https://www.linkedin.com/in/jeevanbabuks,,ValueLabs,Senior technical Project Manager,01-May-21
Ashwin,Das,https://www.linkedin.com/in/ashwin-das-90501099,,Capgemini,Lead Software Engineer,27-Apr-21
Subin,Mathew,https://www.linkedin.com/in/subinmathewz,,Hutchison Ports,Application Analyst,27-Apr-21
Nikhil,Puthenpurackal,https://www.linkedin.com/in/nikhil-bose,,Telet Technologies,Technology Developer,27-Apr-21
Ali,S,https://www.linkedin.com/in/muhmdali,,Fit Voyages,User Interface Designer,27-Apr-21
Arun,K Pillai,https://www.linkedin.com/in/arunkpillai7,,IBM,Software Engineer,27-Apr-21
Vishnu,B Lal,https://www.linkedin.com/in/vishnu-b-lal-08648679,,GAIMS GmbH,Software Engineer,24-Apr-21
Beena,Christy,https://www.linkedin.com/in/beena-christy-053419bb,,MicroObjects Pvt. Ltd,Senior Software Engineer,18-Apr-21
Aiswaria,PM,https://www.linkedin.com/in/aiswarya-p-m,,Art Technology and Software ,HR Recruiter,14-Apr-21
Shinto,Abraham M A,https://www.linkedin.com/in/shinto-abraham-m-a-109a8545,,Bank of America,Performance Engineering Lead,14-Apr-21
Ramshad,P,https://www.linkedin.com/in/ramshad-p-001305123,,IBS Software,Technical Lead,14-Apr-21
Sheen,Darlyn,https://www.linkedin.com/in/sheendarlyn,,AFI Infotech - QDES Infotech,Senior Software Engineer,14-Apr-21
ANTONY,M A,https://www.linkedin.com/in/antony-m-a-a8aa0619b,,ISPG Technologies India Pvt Ltd,Finance Head,14-Apr-21
Fawaz,Mohamed Abdul Rahiman,https://www.linkedin.com/in/fawazmohamed,,Cybergenix Technologies QFZ LLC,Head of Sales,14-Apr-21
Anoop,S,https://www.linkedin.com/in/anoop-s-b4284b20,,Industree Crafts Foundation,Human Resources Manager,26-Feb-21
Bijumon,P,https://www.linkedin.com/in/bijumonp,,ISPG Technologies India Pvt Ltd,System Administrator,17-Dec-19
Alias,Chacko,https://www.linkedin.com/in/alias-chacko-b578157b,,ISPG,Senior Test Engineer,11-Oct-19
Mareena,Joseph,https://www.linkedin.com/in/mareena-joseph-33390765,,Capgemini,Senior Consultant,29-Aug-19
Nithin,Varghese,https://www.linkedin.com/in/nnithinkv,,Tech Mahindra,Senior Software Engineer,08-Aug-19
Ashitha,N P,https://www.linkedin.com/in/ashitha-n-p-01a5a642,,Comviva,Senior Technical Lead,07-Aug-19
Anu,Martin,https://www.linkedin.com/in/anumartin1,,Digit Insurance,Senior Software Engineer,04-Aug-19
Rahul,P,https://www.linkedin.com/in/rahulpramachandran,,Geo Seafoods,Senior Executive Human Resources,31-Jul-19
Robson,Richard,https://www.linkedin.com/in/robson-richard-958174167,,Farnek Services LLC,Quality Health safety environmental Executive ,30-Jul-19
Ajith,Kumar D,https://www.linkedin.com/in/ajith-kumar-d-03a1877,,Experion Technologies,Senior UI Specialist,29-Jul-19
Sajnamol,yoosuf,https://www.linkedin.com/in/sajnamol-yoosuf-17848728,,Accenture in India,Application Development Team Lead,29-Jul-19
Jebin,J Varghese,https://www.linkedin.com/in/jebin-j-varghese-648ba173,,MSys Technologies,Technical Lead,26-Jul-19
Jereena,Joseph,https://www.linkedin.com/in/jereena-joseph-ba084955,,Cisco,Consulting Engineer,25-Jul-19
Binson,Baby,https://www.linkedin.com/in/binsonbaby,,EMT Electromechanical Works LLC,Electrical Project Engineer,23-Jul-19
Jimmy,Vincent,https://www.linkedin.com/in/jimmyvincent,,Meat & Eat,Trainee,23-Jul-19
Sadam,Hussain,https://www.linkedin.com/in/sadam-hussain-8356301a,,Wipro Limited,Technical Lead - Cyber Security ,23-Jul-19
Mohamed Sameer,Ek,https://www.linkedin.com/in/mohamed-sameer-ek-34465882,,7-Eleven,Senior Node JS Engineer,23-Jul-19
Sathyavrathan,PK,https://www.linkedin.com/in/sathyavpk,,SBL,AGM & Head - IT Support,23-Jul-19
Nithin,P,https://www.linkedin.com/in/nithin-p,,Experion Technologies,Lead Software Engineer,23-Jul-19
Anoop,Aravind,https://www.linkedin.com/in/anooplinkedin,,ISPG Technologies India Pvt Ltd,Product Head Automotive,23-Jul-19
Vysakh,B,https://www.linkedin.com/in/vysakh-b-51775a8b,,Mindcurv,Senior Developer,23-Jul-19
ARUN,ARAVIND,https://www.linkedin.com/in/oakdevarun,,P Square Solutions,Principal Architect,23-Jul-19
Anu,Xavier,https://www.linkedin.com/in/anuxavier,,NINETYSIX Solutions,Digital Marketing Manager,23-Jul-19
Anaswara,Anoop T,https://www.linkedin.com/in/anaswara-anoop-t,,"Vizru,Inc",Human Resources Administrator,19-Jun-19
Athira,V Nair CSM® ,https://www.linkedin.com/in/athira-v-nair-csm%C2%AE-19b2b6174,,Equifax,Sr.Scrum Master,28-Feb-19
Minu,John,https://www.linkedin.com/in/minu-john-b8800016b,,InApp,Senior Software Test Engineer,22-Jan-19
Sijo,T K,https://www.linkedin.com/in/sijotk,,ISPG Technologies India Pvt Ltd,Machine Learning Engineer,13-Dec-18
Sumesh P,Gopinath,https://www.linkedin.com/in/sumesh-p-gopinath-71010633,,ISPG Technologies India Pvt Ltd,Project Manager,12-Nov-18
Charles,Christopher R,https://www.linkedin.com/in/charles-christopher-r-67514b157,,Clarivate,Operational Excellence Analyst,31-Oct-18
Muthupattan,V,https://www.linkedin.com/in/muthupattan-v-ba0a0153,,MiQ,Technical Support Engineer,28-Oct-18
Devisree,Kannan,https://www.linkedin.com/in/devisree-raj,,Buck,Lead Engineer,15-Sep-18
Jency,James,https://www.linkedin.com/in/jency-james-938937170,,,,11-Sep-18
Nikhil,Mathew,https://www.linkedin.com/in/nikhil-mathew-959765170,,Asianet Satellite Communications Ltd. - India,Service Engineer,11-Sep-18
Nithya,Raj N,https://www.linkedin.com/in/nithya-raj-n-b288b1148,,Jama Jewels Official,Digital Marketing Manager,11-Sep-18
Simi,Shaji,https://www.linkedin.com/in/simi-shaji-0173a49,,ISPG Technologies India Pvt Ltd,Sr Manager - Digital Transformation ,11-Sep-18
Monu,P,https://www.linkedin.com/in/pmonu,,Buck,Senior Software Engineer,10-Sep-18
Akhil ,Somashekaran,https://www.linkedin.com/in/akhilsomashekaran,,Data Elektronik GmbH,Test Automation Lead,09-Sep-18
Bobby,Mathew,https://www.linkedin.com/in/bobby-mathew-85a2ba13,,Testing Mavens,Client Delivery Lead,09-Sep-18
Ajith,B. G.,https://www.linkedin.com/in/ajith-b-g-a3b13122,,WYYSE ,Chief Operating Officer | Director,09-Sep-18
Geethu,Lakshmi,https://www.linkedin.com/in/geethu-lakshmi-8342ab12a,,Kott Software Pvt.Ltd,Talent Acquisition Specialist,09-Sep-18
Deepa,V.P,https://www.linkedin.com/in/deepa-v-p-4b456978,,MariApps Marine Solutions,Senior Software Developer,29-Jun-18
Jinu,Joseph,https://www.linkedin.com/in/jinu-joseph-64b18627,,DocGiant,Senior Human Resources Analyst,11-Apr-18
Mincy Rachel,Varghese,https://www.linkedin.com/in/mincyrachel,,Al- Ajjaj Limited Company,Sales And Service Associate,26-Mar-18
Jean Varghese,"Divan (B.E,M.Tech,MIAEng)",https://www.linkedin.com/in/jean-varghese-divan-b-e-m-tech-miaeng-2b699077,,Aibi Technologies,Manager,20-Mar-18
Anu Kumar,"PMI-PMP®, DEWA, IOSH®, EEMCP®, CPSP®, B.Eng",https://www.linkedin.com/in/anuengineer,,GOLDEN ARC GROUP,Senior Engineer - Technical lead,26-Feb-18
Fredy,Davis,https://www.linkedin.com/in/fredydavis,,Hewlett Packard Enterprise,Data Analyst,24-Feb-18
ARUN,LAL,https://www.linkedin.com/in/arun-lal-b9a33846,,NPCC,Marine Electronic Tech,02-Feb-18
Tintu,Abraham Mathew,https://www.linkedin.com/in/tintu-abraham-mathew-509875bb,,Tata Docomo,Engineer,28-Jan-18
Suresh,R,https://www.linkedin.com/in/sureshaspriant,,Tata Consultancy Services,Assistant Consultant,18-Jan-18
Binil,George,https://www.linkedin.com/in/binil-george-7b92bb40,,Al Tayer Engineering and Services LLC,Assistant Project Manager,16-Jan-18
Jayadev,K Sali,https://www.linkedin.com/in/jayadev-k-sali-1b92987b,,"Universal Weather and Aviation, Inc.",Team Lead Trainer,15-Jan-18
Siji,Gheevarghese,https://www.linkedin.com/in/siji-gheevarghese-a7b57998,,Bukamal,Team Leader,09-Jan-18
Arunkumar,S,https://www.linkedin.com/in/arunkumar-s-87529940,,Dubai Electricity & Water Authority - DEWA,Engineer - Telecontrol,05-Jan-18
Vishnu,Yesodharan Pillai,https://www.linkedin.com/in/vishnuy,,McFadyen Digital,Technical Lead – Front End,02-Jan-18
Isham,Ismail,https://www.linkedin.com/in/isham-ismail-76129a108,,Visiontech Systems International LLC,Key Account Manager,29-Dec-17
Sudheesh Kumar,T S,https://www.linkedin.com/in/sudheesh-kumar-t-s-20b28b3b,,Kuwait integrated petroleum industries company,Sr.Engineer,29-Dec-17
Muhammed,Rizwan,https://www.linkedin.com/in/muhammed-rizwan-a4769753,,National Building Company ,Quality Control Inspector,29-Dec-17
AJO K,ALEX,https://www.linkedin.com/in/ajo-k-alex-03078234,,UST,Lead 1 Cloud Infrastructure Services ,28-Dec-17
jithul,jacob,https://www.linkedin.com/in/jithul-jacob-a883ab53,,NAFFCO FZCO,Design Engineer,28-Dec-17
Akhil,TM,https://www.linkedin.com/in/akhil-tm,,RailYatri.in,Manager Technology,28-Dec-17
Aswathy,Pappachan,https://www.linkedin.com/in/mpaswathy,,TechWyse Internet Marketing,QA Specialist,28-Dec-17
Adheena,Thilak,https://www.linkedin.com/in/adheena-thilak-5ba1b886,,"ConsumerTrack, Inc.",Senior Quality Assurance Engineer,27-Dec-17
Manu,George,https://www.linkedin.com/in/manu-george,,Martin Professional Middle East (MPME),Business Relationship Manager ,26-Dec-17
Vipin ,Venugopal,https://www.linkedin.com/in/vipin-venugopal-link,,iMEDicare Pelvic Health Naturally,Senior Sales Specialist,24-Dec-17
Plessy mol,Paulose,https://www.linkedin.com/in/plessy-mol-paulose-00117141,,Lyra IT Solutions,Sr. Web Developer,23-Dec-17
Desly,Peter,https://www.linkedin.com/in/desly-peter-a3634671,,Allianz,Agile Product Owner,22-Dec-17
KATHIRAVAN,S,https://www.linkedin.com/in/kathiravan-s-64034670,,STARTEK,IT-Excutive,21-Dec-17
jouhar,shabi,https://www.linkedin.com/in/jouhar-shabi-22a533a8,,E protocol,Founder,20-Dec-17
Albert,Charles Kuriakose,https://www.linkedin.com/in/albertece,,Adhunik Skill Institute,Operations Manager,20-Dec-17
Indwin Edwin,Joel,https://www.linkedin.com/in/indwinejoel,,Anubavam ,Senior Manager - People Development ,20-Dec-17
Vishnuprasad,P,https://www.linkedin.com/in/vishnuprasad-p-6659a0136,,Cohesity,Senior DMO Analyst,20-Dec-17
Stanly,Shaji,https://www.linkedin.com/in/stanly-shaji,,MSC Mediterranean Shipping Company,Business Intelligence Developer,20-Dec-17
Mohamed,Thameem,https://www.linkedin.com/in/mohamed-thameem-46212b62,,Ranger Technologies Private Limited,Account Executive,20-Dec-17
Cyril,R,https://www.linkedin.com/in/cyrilraja,,Zoho,Technical Alliance Manager,19-Dec-17
Abdul,S,https://www.linkedin.com/in/abdul-s-5211b416,,Straive,Sr. Executive ,19-Dec-17
Shanu,Varghese,https://www.linkedin.com/in/shanu-varghese,,Sobha Constructions,Senior Project Engineer,19-Dec-17
Sajid,P.K,https://www.linkedin.com/in/sajid-p-k-75272376,,Global Aerospace Logistics LLC (GAL),Logistic Technician,19-Dec-17
sreelesh,pavithran,https://www.linkedin.com/in/sreelesh-pavithran-93559998,,CSB Bank Limited,Assistant Manager,19-Dec-17
Deepak,Thomas,https://www.linkedin.com/in/dpkthms,,Work Force Technical Services,Engineer,19-Dec-17
Boban,Paul Mathaikudiyil ,https://www.linkedin.com/in/boban-paul-mathaikudiyil-603aaaa1,,ALTEN India,Senior Engineer,19-Dec-17
Techyempo,Inc.,https://www.linkedin.com/in/techyempopvtltdincorporate,,Techyempo,CEO,19-Dec-17
Jiby,Thomas,https://www.linkedin.com/in/jibymolcthomas,,Al Tareeqah Management Studies (ATMS),Team Manager,19-Dec-17
Divya,Mathew,https://www.linkedin.com/in/divya-mathew-3a9b3349,,CPKC,Sr Specialist Functional Analyst,19-Dec-17
SAJEEV,K,https://www.linkedin.com/in/sajeev-k-016a2244,sajeevk27@gmail.com,Atos,Full Stack Dotnet Developer,19-Dec-17
