Content Title,Content Description,Content Type,Content Last Watched Date (if viewed),Content Completed At (if completed),Content Saved,Notes taken on videos (if taken),
Building RESTful APIs in Laravel,"APIs serve as a bridge between different applications or systems, allowing us to efficiently share our data with the world. REST, an architectural style that defines how to build APIs, is popular, modern, and lightweight. In this course, discover how to create a RESTful API of your own. Join instructor Zuzana Kunckova as she demonstrates how to build a RESTful API using Laravel, the popular PHP framework. Learn how to set up your application, including how to create the database structure and set up RESTful API routes. Discover how to build your RESTful API and save, display, update, and delete resources Plus, explore how to use Postman to test your API and ensure that it works as expected.",Course,2021-10-13 10:50 UTC,N/A,false,N/A,
"PHP Tips, Tricks, and Techniques","Become a better PHP programmer, one tutorial at a time. The series brings you tips, tricks, and techniques to build your PHP skills. David Powers offers a new course to broaden your understanding of what PHP can do and to help you become a more productive developer. To follow along, you should have a thorough understanding of PHP basics, but if you're still a beginner, you can watch this series for a dose of inspiration, until you're ready to implement the techniques in your own projects.<br><br>

Note: The exercise files are free to all members. The code is commented to enhance your learning, but you will need database connectivity for some files to run as intended.",Course,2021-07-30 03:36 UTC,N/A,false,N/A,
Learning PHP,"PHP remains one most popular server-side languages used to build dynamic websites. Although it is not especially difficult to use, nonprogrammers often find it intimidating. This introductory course was designed to change that by teaching you PHP through a series of clear, focused, and easy-to-follow lessons. After briefly explaining what PHP is, instructor Joe Casabona introduces the features of the language. Joe covers control structures, variables, arguments, and person class in a series of hands-on exercises. He then moves on to more advanced topics, including try/catch statements, resolving changes between versions of PHP, and form validation. Upon wrapping up this course, you'll have the skills you need to start developing and maintaining interactive websites using PHP.",Course,2022-09-11 10:45 UTC,N/A,false,N/A,
Building RESTful APIs in Laravel (2018),"Laravel is one of the most popular PHP frameworks for building elegant applications. In this course, learn how to build a RESTful API using Laravel. Instructor Justin Yost goes over some of the basic pieces of the framework, and then covers how to build a browse, read, edit, add, and delete (BREAD) API in Laravel. He then shares how to customize your API, including how to load related data or subresources for a primary record, return nested data, and create a logging and rate limit middleware. He also explores how to use Behat to test your API and ensure that it works as expected.",Course,2021-11-16 05:03 UTC,N/A,false,N/A,
Organizing Your Remote Office for Maximum Productivity,"Working remotely gives you amazing freedom, but how you set up your office makes all the difference. To maximize your productivity, you need to be able to easily transition from home life to work life and back again. From setting up your physical space to managing your digital life, author and productivity expert Paula Rizzo can help you get more done when working remotely. Learn to harness your personal productivity style to create an intentional workspace; adapt any room, regardless of size; choose the right equipment and technology; present better during video meetings; organize your documents and files; and set boundaries with those you share space with. Plus, learn to plan ahead to take your workspace on the road—wherever business takes you.",Course,2021-04-14 04:23 UTC,N/A,false,N/A,
Angular: Workflows,"Discover how to be a more productive Angular developer. In this course, senior UI engineer Victor Mejia draws on his own experience developing front-end projects with Angular. He introduces a set of tools and workflows that will make your job building Angular apps more efficient and fun. First, review the Angular CLI and then dive into unit testing workflows. Find out how to configure Prettier to automate code formatting, and then learn how to build and publish Angular libraries. Finally, discover how to implement a continuous integration workflow, using CircleCI to set up gateway checks, run automated tests, and build out your apps.",Course,2021-05-24 07:30 UTC,N/A,false,N/A,
JavaScript: Maps and Sets,"Programming languages are always evolving and changing, and JavaScript is no exception. Over time, JavaScript has grown, and many new aspects have been added, including maps and sets. JavaScript maps and sets may sound simple, but they aren't quite the same as their counterparts in other programming languages. In this course, software engineer Jamie Pittman covers the ins and outs of JavaScript maps and sets, their syntax, how they work, and how to integrate them into your daily coding practice. Topics covered include a general overview of these features, when and where to use them, their WeakMap and WeakSet versions, and the various methods and properties associated with them.",Course,2022-07-28 08:10 UTC,N/A,false,N/A,
