metadata_id,devicename,device_id,source_platform,patient_id,file_name,file_format,file_upload_date,data_start_date,data_end_date,study_id,tenant_id,map_field_of_cgm_date,map_field_of_cgm_value,map_field_of_patient_id
MD-001,Dexcom G6,,,WAD1-001-001,CGMNDDeviceCGM,txt,,2000-01-01,2000-07-24,WAD1,JAB001,DeviceDtTm,Value,DeidentID
MD-002,Dexcom G6,,,WAD1-001-002,CGMNDDeviceCGM,txt,,2000-01-01,2000-07-24,WAD1,JAB001,DeviceDtTm,Value,DeidentID
MD-003,Dexcom G6,,,WAD1-001-003,CGMNDDeviceCGM,txt,,2000-01-01,2000-07-24,WAD1,JAB001,DeviceDtTm,Value,DeidentID
MD-004,Dexcom G6,,,WAD1-001-004,CGMNDDeviceCGM,txt,,2000-01-01,2000-07-24,WAD1,JAB001,DeviceDtTm,Value,DeidentID
MD-005,Dexcom G6,,,WAD1-001-005,CGMNDDeviceCGM,txt,,2000-01-01,2000-07-24,WAD1,JAB001,DeviceDtTm,Value,DeidentID
MD-006,Dexcom G6,,,WAD1-001-006,CGMNDDeviceCGM,txt,,2000-01-01,2000-07-24,WAD1,JAB001,DeviceDtTm,Value,DeidentID
MD-007,Dexcom G6,,,WAD1-001-007,CGMNDDeviceCGM,txt,,2000-01-01,2000-07-24,WAD1,JAB001,DeviceDtTm,Value,DeidentID
MD-008,Dexcom G6,,,WAD1-001-008,CGMNDDeviceCGM,txt,,2000-01-01,2000-07-24,WAD1,JAB001,DeviceDtTm,Value,DeidentID
MD-009,Dexcom G6,,,WAD1-001-009,CGMNDDeviceCGM,txt,,2000-01-01,2000-07-24,WAD1,JAB001,DeviceDtTm,Value,DeidentID
MD-0010,Dexcom G6,,,WAD1-001-0010,CGMNDDeviceCGM,txt,,2000-01-01,2000-07-24,WAD1,JAB001,DeviceDtTm,Value,DeidentID
MD-0011,Dexcom G6,,,WAD1-001-0011,CGMNDDeviceCGM,txt,,2000-01-01,2000-07-24,WAD1,JAB001,DeviceDtTm,Value,DeidentID
MD-0013,Dexcom G6,,,WAD1-001-0013,CGMNDDeviceCGM,txt,,2000-01-01,2000-07-24,WAD1,JAB001,DeviceDtTm,Value,DeidentID
MD-0014,Dexcom G6,,,WAD1-001-0014,CGMNDDeviceCGM,txt,,2000-01-01,2000-07-24,WAD1,JAB001,DeviceDtTm,Value,DeidentID
MD-0015,Dexcom G6,,,WAD1-001-0015,CGMNDDeviceCGM,txt,,2000-01-01,2000-07-24,WAD1,JAB001,DeviceDtTm,Value,DeidentID
MD-0016,Dexcom G6,,,WAD1-001-0016,CGMNDDeviceCGM,txt,,2000-01-01,2000-07-24,WAD1,JAB001,DeviceDtTm,Value,DeidentID
MD-0018,Dexcom G6,,,WAD1-001-0018,CGMNDDeviceCGM,txt,,2000-01-01,2000-07-24,WAD1,JAB001,DeviceDtTm,Value,DeidentID
MD-0020,Dexcom G6,,,WAD1-001-0020,CGMNDDeviceCGM,txt,,2000-01-01,2000-07-24,WAD1,JAB001,DeviceDtTm,Value,DeidentID
MD-0021,Dexcom G6,,,WAD1-001-0021,CGMNDDeviceCGM,txt,,2000-01-01,2000-07-24,WAD1,JAB001,DeviceDtTm,Value,DeidentID
MD-0023,Dexcom G6,,,WAD1-001-0023,CGMNDDeviceCGM,txt,,2000-01-01,2000-07-24,WAD1,JAB001,DeviceDtTm,Value,DeidentID
MD-0024,Dexcom G6,,,WAD1-001-0024,CGMNDDeviceCGM,txt,,2000-01-01,2000-07-24,WAD1,JAB001,DeviceDtTm,Value,DeidentID
MD-0025,Dexcom G6,,,WAD1-001-0025,CGMNDDeviceCGM,txt,,2000-01-01,2000-07-24,WAD1,JAB001,DeviceDtTm,Value,DeidentID
MD-0026,Dexcom G6,,,WAD1-001-0026,CGMNDDeviceCGM,txt,,2000-01-01,2000-07-24,WAD1,JAB001,DeviceDtTm,Value,DeidentID
MD-0027,Dexcom G6,,,WAD1-001-0027,CGMNDDeviceCGM,txt,,2000-01-01,2000-07-24,WAD1,JAB001,DeviceDtTm,Value,DeidentID
MD-0028,Dexcom G6,,,WAD1-001-0028,CGMNDDeviceCGM,txt,,2000-01-01,2000-07-24,WAD1,JAB001,DeviceDtTm,Value,DeidentID
MD-0030,Dexcom G6,,,WAD1-001-0030,CGMNDDeviceCGM,txt,,2000-01-01,2000-07-24,WAD1,JAB001,DeviceDtTm,Value,DeidentID
MD-0031,Dexcom G6,,,WAD1-001-0031,CGMNDDeviceCGM,txt,,2000-01-01,2000-07-24,WAD1,JAB001,DeviceDtTm,Value,DeidentID
MD-0032,Dexcom G6,,,WAD1-001-0032,CGMNDDeviceCGM,txt,,2000-01-01,2000-07-24,WAD1,JAB001,DeviceDtTm,Value,DeidentID
MD-0033,Dexcom G6,,,WAD1-001-0033,CGMNDDeviceCGM,txt,,2000-01-01,2000-07-24,WAD1,JAB001,DeviceDtTm,Value,DeidentID
MD-0036,Dexcom G6,,,WAD1-001-0036,CGMNDDeviceCGM,txt,,2000-01-01,2000-07-24,WAD1,JAB001,DeviceDtTm,Value,DeidentID
MD-0037,Dexcom G6,,,WAD1-001-0037,CGMNDDeviceCGM,txt,,2000-01-01,2000-07-24,WAD1,JAB001,DeviceDtTm,Value,DeidentID
MD-0038,Dexcom G6,,,WAD1-001-0038,CGMNDDeviceCGM,txt,,2000-01-01,2000-07-24,WAD1,JAB001,DeviceDtTm,Value,DeidentID
MD-0039,Dexcom G6,,,WAD1-001-0039,CGMNDDeviceCGM,txt,,2000-01-01,2000-07-24,WAD1,JAB001,DeviceDtTm,Value,DeidentID
MD-0041,Dexcom G6,,,WAD1-001-0041,CGMNDDeviceCGM,txt,,2000-01-01,2000-07-24,WAD1,JAB001,DeviceDtTm,Value,DeidentID
MD-0042,Dexcom G6,,,WAD1-001-0042,CGMNDDeviceCGM,txt,,2000-01-01,2000-07-24,WAD1,JAB001,DeviceDtTm,Value,DeidentID
MD-0043,Dexcom G6,,,WAD1-001-0043,CGMNDDeviceCGM,txt,,2000-01-01,2000-07-24,WAD1,JAB001,DeviceDtTm,Value,DeidentID
MD-0045,Dexcom G6,,,WAD1-001-0045,CGMNDDeviceCGM,txt,,2000-01-01,2000-07-24,WAD1,JAB001,DeviceDtTm,Value,DeidentID
MD-0046,Dexcom G6,,,WAD1-001-0046,CGMNDDeviceCGM,txt,,2000-01-01,2000-07-24,WAD1,JAB001,DeviceDtTm,Value,DeidentID
MD-0047,Dexcom G6,,,WAD1-001-0047,CGMNDDeviceCGM,txt,,2000-01-01,2000-07-24,WAD1,JAB001,DeviceDtTm,Value,DeidentID
MD-0048,Dexcom G6,,,WAD1-001-0048,CGMNDDeviceCGM,txt,,2000-01-01,2000-07-24,WAD1,JAB001,DeviceDtTm,Value,DeidentID
MD-0049,Dexcom G6,,,WAD1-001-0049,CGMNDDeviceCGM,txt,,2000-01-01,2000-07-24,WAD1,JAB001,DeviceDtTm,Value,DeidentID
MD-0050,Dexcom G6,,,WAD1-001-0050,CGMNDDeviceCGM,txt,,2000-01-01,2000-07-24,WAD1,JAB001,DeviceDtTm,Value,DeidentID
MD-0051,Dexcom G6,,,WAD1-001-0051,CGMNDDeviceCGM,txt,,2000-01-01,2000-07-24,WAD1,JAB001,DeviceDtTm,Value,DeidentID
MD-0052,Dexcom G6,,,WAD1-001-0052,CGMNDDeviceCGM,txt,,2000-01-01,2000-07-24,WAD1,JAB001,DeviceDtTm,Value,DeidentID
MD-0053,Dexcom G6,,,WAD1-001-0053,CGMNDDeviceCGM,txt,,2000-01-01,2000-07-24,WAD1,JAB001,DeviceDtTm,Value,DeidentID
MD-0054,Dexcom G6,,,WAD1-001-0054,CGMNDDeviceCGM,txt,,2000-01-01,2000-07-24,WAD1,JAB001,DeviceDtTm,Value,DeidentID
