DeidentID,RecID,VisitDt,ConsentDt,PtEligible,Weight_kg,Height_cm,BMI,BMIPercentile,Hba1c_POC,Age,Gender,Ethnicity,Race,Race_MoreThanOneWriteIn,T1DBioFam,T1DBioFamParent,T1DBioFamSibling,T1DBioFamSiblingTwin,T1DBioFamUnk,PreExistCond1,PreExistCond2,PreExistCond3,Med1,Med2,Med3,Sensor_Location,CGMLotNumber,PtIneligReason
1,1,01-01-2000,01-01-2000,Yes,22.2,122.5,14.8,34,5.4,6,Female,Not Hispanic or Latino,White,.,No,.,.,NA,.,NA,NA,NA,Multivitamin gummy 2 gummies per day (Kirkland) ,Omega 3 supplement (little critters) 2 gummies per day,NA,Right Upper Arm,5277574,.
32,2,1/15/2000,1/15/2000,Yes,20.7,114.5,15.8,62,5.1,5,Male,Not Hispanic or Latino,White,.,Yes,1,.,NA,.,NA,NA,NA,NA,NA,NA,Left Abdomen,5277574,.
43,3,1/13/2000,1/13/2000,Yes,16,102.5,15.2,41,5,4,Male,Not Hispanic or Latino,White,.,No,.,.,NA,.,NA,NA,NA,NA,NA,NA,Left Abdomen,5277574,.
23,4,2/17/2000,2/17/2000,Yes,17.9,109,15.1,36,5.4,4,Male,Not Hispanic or Latino,White,.,Yes,1,.,NA,.,NA,NA,NA,NA,NA,NA,Left Abdomen,5277031,.
8,5,1/22/2000,1/22/2000,Yes,19.5,110,16.1,71,4.9,5,Male,Not Hispanic or Latino,White,.,Yes,.,1,NA,.,NA,NA,NA,NA,NA,NA,Left Upper Buttock,5277574,.
31,6,1/22/2000,1/22/2000,Yes,19.6,115,14.8,32,4.9,5,Male,Not Hispanic or Latino,White,.,Yes,.,1,NA,.,Peanut food allergy,NA,NA,NA,NA,NA,Right Abdomen,5277574,.
4,7,4/27/2000,4/27/2000,Yes,15.2,99.5,15.4,52,5.2,4,Female,Not Hispanic or Latino,White,.,Yes,.,1,NA,.,NA,NA,NA,NA,NA,NA,Left Upper Buttock,5277032,.
36,8,2/14/2000,2/14/2000,Yes,15.4,94.5,17.2,86,4.7,3,Male,Not Hispanic or Latino,White,.,Yes,1,.,NA,.,NA,NA,NA,NA,NA,NA,Left Upper Buttock,5277031,.
45,9,02-12-2000,02-12-2000,Yes,13.6,97.5,14.3,10,5.1,3,Female,Not Hispanic or Latino,White,.,Yes,1,.,NA,.,NA,NA,NA,NA,NA,NA,Left Upper Buttock,5277031,.
33,10,02-10-2000,02-10-2000,Yes,22,123.6,14.4,19,5,6,Male,Not Hispanic or Latino,White,.,Yes,1,.,NA,.,NA,NA,NA,NA,NA,NA,Right Buttocks,5277031,.
25,11,02-10-2000,02-10-2000,Yes,16.6,107.1,14.5,27,4.6,4,Female,Not Hispanic or Latino,White,.,Yes,1,.,NA,.,NA,NA,NA,NA,NA,NA,Right Buttocks,5277031,.
53,12,2/19/2000,2/19/2000,Yes,19.5,109,16.4,74,5.1,4,Male,Not Hispanic or Latino,White,.,Yes,.,1,NA,.,NA,NA,NA,NA,NA,NA,Upper Right Buttock,5277031,.
47,13,02-10-2000,02-10-2000,Yes,20.9,115.5,15.7,57,5.1,4,Male,Not Hispanic or Latino,White,.,Yes,.,1,NA,.,NA,NA,NA,NA,NA,NA,Left Buttock,5277031,.
10,14,02-12-2000,02-12-2000,Yes,16.5,104.4,15.1,45,4.9,4,Female,Not Hispanic or Latino,White,.,Yes,.,1,NA,.,NA,NA,NA,NA,NA,NA,Upper Right Buttock,5277031,.
3,15,02-12-2000,02-12-2000,Yes,12.4,88,16,50,5.2,2,Female,Not Hispanic or Latino,White,.,Yes,1,.,NA,.,NA,NA,NA,NA,NA,NA,Right Upper Buttock,5277031,.
26,16,2/19/2000,2/19/2000,Yes,17.4,108,14.9,43,5,5,Female,Not Hispanic or Latino,White,.,Yes,1,1,NA,.,NA,NA,NA,NA,NA,NA,Left Buttock,5277031,.
38,17,2/17/2000,2/17/2000,Yes,19.5,113.6,15.1,41,5.1,6,Male,Not Hispanic or Latino,White,.,Yes,.,1,NA,.,Nut allergies,NA,NA,NA,NA,NA,Right Abdomen,5277031,.
50,18,2/26/2000,2/26/2000,Yes,15.2,94,17.2,86,4.9,3,Female,Not Hispanic or Latino,White,.,Yes,.,1,NA,.,NA,NA,NA,NA,NA,NA,Left Buttock,5277031,.
21,19,2/26/2000,2/26/2000,Yes,21.8,115.2,16.4,77,5.3,6,Male,Not Hispanic or Latino,White,.,Yes,.,1,NA,.,NA,NA,NA,NA,NA,NA,Left Buttock,5277031,.
41,20,2/26/2000,2/26/2000,Yes,11.7,80,NA,NA,5.3,1,Male,Not Hispanic or Latino,White,.,Yes,.,1,NA,.,NA,NA,NA,NA,NA,NA,Right Abdomen,5277032,.
49,21,2/24/2000,2/24/2000,Yes,20,117,14.6,25,5.4,6,Male,Not Hispanic or Latino,White,.,Yes,.,1,NA,.,NA,NA,NA,NA,NA,NA,Left Upper Buttock,5277031,.
16,22,03-11-2000,03-11-2000,Yes,21.6,114.5,16.5,78,5.3,5,Male,Unkown/Not reported,White,.,Yes,1,.,NA,.,NA,NA,NA,NA,NA,NA,Right Upper Buttock,5277032,.
15,23,03-04-2000,03-04-2000,Yes,21.7,113,17,85,4.6,6,Male,Not Hispanic or Latino,White,.,Yes,.,1,NA,.,NA,NA,NA,NA,NA,NA,Right Buttock,5277031,.
9,24,03-04-2000,03-04-2000,Yes,15.5,96.7,16.6,82,4.8,4,Female,Not Hispanic or Latino,White,.,Yes,.,1,NA,.,NA,NA,NA,NA,NA,NA,Right Buttock,5277031,.
5,25,03-04-2000,03-04-2000,Yes,11.7,80,18.3,89,5.1,2,Male,Not Hispanic or Latino,White,.,Yes,.,1,NA,.,NA,NA,NA,NA,NA,NA,Left Buttock,5277031,.
24,26,3/16/2000,3/16/2000,Yes,23.3,119,16.5,78,4.8,5,Male,Not Hispanic or Latino,White,.,Yes,.,1,NA,.,Asthma,NA,NA,Multivitamin Daily 1 gummies per day,Albuterol 1 puff PRN asthma Inhaler,NA,Left Upper Buttock,5277032,.
6,27,3/16/2000,3/16/2000,Yes,14.3,99.1,14.6,19,5,3,Female,Not Hispanic or Latino,White,.,Yes,.,1,NA,.,NA,NA,NA,Multivitamin 1 gummy PO daily,NA,NA,Left Upper Buttock,5277032,.
2,28,3/30/2000,3/30/2000,Yes,21.1,117.5,15.3,51,4.6,6,Female,Not Hispanic or Latino,White,.,Yes,.,1,NA,.,Allergies,NA,NA,Zyrtec 2.5 mg PO PRN,NA,NA,Left Upper Buttock,5277032,.
39,29,3/18/2000,3/18/2000,Yes,21,116.5,15.5,57,5,6,Female,Not Hispanic or Latino,More than one race,White/Black,Yes,.,1,NA,.,NA,NA,NA,NA,NA,NA,Right Upper Buttock,5277032,.
30,30,05-08-2000,05-08-2000,Yes,18.3,114,14.1,11,4.7,6,Male,Not Hispanic or Latino,White,.,No,.,.,NA,.,NA,NA,NA,Elderberry multivitamin with probiotic,Magnesium,Zofran pm,Right Upper Buttock,5277032,.
46,31,05-04-2000,05-04-2000,Yes,18.4,109,15.5,47,5,4,Male,Not Hispanic or Latino,White,.,Yes,.,1,NA,.,NA,NA,NA,NA,NA,NA,Right Upper Buttock,5277032,.
20,32,04-06-2000,04-06-2000,Yes,16.3,103.5,15.2,44,5.2,3,Female,Not Hispanic or Latino,Black/African American,.,Yes,1,.,NA,.,NA,NA,NA,NA,NA,NA,Right Upper Buttock,5277032,.
48,33,04-06-2000,04-06-2000,Yes,11.9,83.5,17.1,68,4.9,2,Female,Not Hispanic or Latino,Black/African American,.,Yes,1,.,NA,.,NA,NA,NA,NA,NA,NA,Right Upper Buttock,5277032,.
51,34,04-10-2000,04-10-2000,Yes,18.6,111,15.1,48,4.7,5,Female,Not Hispanic or Latino,White,.,Yes,1,.,NA,.,NA,NA,NA,NA,NA,NA,Right Upper Buttock,5277032,.
11,35,04-08-2000,04-08-2000,Yes,22.8,115.5,17.1,85,4.8,5,Female,Hispanic or Latino,More than one race,White/Black,Yes,.,1,NA,.,NA,NA,NA,NA,NA,NA,Left Upper Buttock,5277032,.
37,36,4/17/2000,4/17/2000,Yes,27.6,125.5,17.5,85,5,6,Female,Not Hispanic or Latino,White,.,Yes,1,.,NA,.,NA,NA,NA,NA,NA,NA,Right Upper Buttock,5277032,.
7,37,04-08-2000,04-08-2000,Yes,19.3,112.5,15.2,43,5.4,4,Male,Not Hispanic or Latino,White,.,Yes,1,.,NA,.,NA,NA,NA,NA,NA,NA,Left Upper Buttock,5277032,.
54,38,4/17/2000,4/17/2000,Yes,20,114.5,15.3,46,5.1,6,Male,Not Hispanic or Latino,White,.,Yes,.,1,NA,.,NA,NA,NA,NA,NA,NA,Left Upper Buttock,5277032,.
28,39,4/27/2000,4/27/2000,Yes,13.4,89.1,16.9,74,4.9,2,Female,Not Hispanic or Latino,White,.,Yes,1,.,NA,.,NA,NA,NA,Multivitamin,NA,NA,Right Upper Buttock,5277032,.
14,40,4/27/2000,4/27/2000,Yes,21.8,117,15.9,64,4.9,6,Female,Hispanic or Latino,White,.,Yes,1,.,NA,.,NA,NA,NA,Flinstones Multivitamin w/c 5x a week,NA,NA,Right Upper Buttock,5277032,.
27,41,1/13/2000,1/13/2000,Yes,21.8,116,16.2,74,5.1,5,Female,Not Hispanic or Latino,White,.,Yes,.,1,NA,.,NA,NA,NA,NA,NA,NA,Right Abdomen,5277574,.
42,42,1/15/2000,1/15/2000,Yes,23.7,123,15.7,56,4.9,6,Male,Not Hispanic or Latino,White,.,Yes,1,.,NA,.,NA,NA,NA,NA,NA,NA,Right Abdomen,5277574,.
18,43,1/24/2000,1/24/2000,Yes,19.1,113.2,14.9,32,4.9,4,Male,Not Hispanic or Latino,White,.,Yes,.,1,NA,.,NA,NA,NA,NA,NA,NA,Right Upper Buttock,5277574,.
13,44,2/24/2000,2/24/2000,Yes,21.8,119,15.4,51,5.6,6,Female,Not Hispanic or Latino,White,.,Yes,.,1,NA,.,NA,NA,NA,NA,NA,NA,Upper Right Buttock,5277031,.
52,45,03-09-2000,03-09-2000,Yes,26.3,128.2,16,67,4.8,6,Male,Not Hispanic or Latino,White,.,Yes,1,.,NA,.,NA,NA,NA,NA,NA,NA,Left Buttock,5277032,.
17,46,1/15/2000,1/15/2000,No,,,.,.,,,.,.,.,.,.,.,.,.,.,.,.,.,.,.,.,.,.,BMI below 10%
44,47,1/17/2000,1/17/2000,No,,,.,.,,,.,.,.,.,.,.,.,.,.,.,.,.,.,.,.,.,.,BMI above 90%
40,48,02-12-2000,02-12-2000,No,,,.,.,,,.,.,.,.,.,.,.,.,.,.,.,.,.,.,.,.,.,BMI below 10%
29,49,02-12-2000,02-12-2000,No,,,.,.,,,.,.,.,.,.,.,.,.,.,.,.,.,.,.,.,.,.,BMI below 10%
19,50,2/24/2000,2/24/2000,No,,,.,.,,,.,.,.,.,.,.,.,.,.,.,.,.,.,.,.,.,.,BMI above 90%
22,51,03-02-2000,03-02-2000,No,,,.,.,,,.,.,.,.,.,.,.,.,.,.,.,.,.,.,.,.,.,BMI above 90%
35,52,03-02-2000,03-02-2000,No,,,.,.,,,.,.,.,.,.,.,.,.,.,.,.,.,.,.,.,.,.,BMI above 90%
34,53,3/18/2000,3/18/2000,No,,,.,.,,,.,.,.,.,.,.,.,.,.,.,.,.,.,.,.,.,.,BMI above 90%
12,54,4/27/2000,4/27/2000,No,,,.,.,,,.,.,.,.,.,.,.,.,.,.,.,.,.,.,.,.,.,BMI below 10%
1,55,7/17/2000,7/17/2000,Yes,23.3,128,,,5.1,,,,,,,,,,,NA,NA,NA,NA,NA,NA,Upper Left Buttock,5277032,
27,56,7/31/2000,7/31/2000,Yes,23.9,119.8,,,5.1,,,,,,,,,,,NA,NA,NA,NA,NA,NA,Upper Right Buttock,5277032,
43,57,8/27/2000,8/27/2000,Yes,17,105.5,,,5,,,,,,,,,,,NA,NA,NA,NA,NA,NA,Upper Right Buttock,5277032,
23,58,10-06-2000,10-06-2000,Yes,20.9,114,,,5.4,,,,,,,,,,,NA,NA,NA,NA,NA,NA,Upper Right Buttock,5277032,
31,59,7/22/2000,7/22/2000,Yes,20.5,118.6,,,4.9,,,,,,,,,,,NA,NA,NA,NA,NA,NA,Right Buttock,5277032,
38,60,08-06-2000,08-06-2000,Yes,20.1,114.3,,,5.3,,,,,,,,,,,NA,NA,NA,NA,NA,NA,Upper Left Buttock,5277032,
21,61,9/30/2000,9/30/2000,Yes,22.9,121,,,5.2,,,,,,,,,,,NA,NA,NA,NA,NA,NA,Upper Right Buttock,5277032,
41,62,9/30/2000,9/30/2000,Yes,13.1,87,,,5.2,,,,,,,,,,,NA,NA,NA,NA,NA,NA,Upper Right Buttock,5277032,
49,63,7/31/2000,7/31/2000,Yes,21.3,116.8,,,5.3,,,,,,,,,,,NA,NA,NA,NA,NA,NA,Upper Left Buttock,5277032,
15,64,8/17/2000,8/17/2000,Yes,23.2,117,,,4.7,,,,,,,,,,,NA,NA,NA,NA,NA,NA,Upper Left Buttock,5277032,
7,65,08-03-2000,08-03-2000,Yes,19.7,114.5,,,5.2,,,,,,,,,,,NA,NA,NA,NA,NA,NA,Upper Left Buttock,5277032,