metadata_id,devicename,device_id,source_platform,patient_id,file_name,file_format,file_upload_date,data_start_date,data_end_date,study_id,tenant_id
MD-001,Medtronic MiniMed,,,"1",case 1,csv,,,,DFA,DFA001
MD-002,Medtronic MiniMed,,,"2",case 2,csv,,,,DFA,DFA001
MD-003,Medtronic MiniMed,,,"3",case 3,csv,,,,DFA,DFA001
MD-004,Medtronic MiniMed,,,"4",case 4,csv,,,,DFA,DFA001
MD-005,Medtronic MiniMed,,,"5",case 5,csv,,,,DFA,DFA001
MD-006,Medtronic MiniMed,,,"6",case 6,csv,,,,DFA,DFA001
MD-007,Medtronic MiniMed,,,"7",case 7,csv,,,,DFA,DFA001
MD-008,Medtronic MiniMed,,,"8",case 8,csv,,,,DFA,DFA001
MD-009,Medtronic MiniMed,,,"9",case 9,csv,,,,DFA,DFA001
MD-010,Medtronic MiniMed,,,"10",case 10,csv,,,,DFA,DFA001
MD-011,Medtronic MiniMed,,,"11",case 11,csv,,,,DFA,DFA001
MD-012,Medtronic MiniMed,,,"12",case 12,csv,,,,DFA,DFA001
MD-013,Medtronic MiniMed,,,"13",case 13,csv,,,,DFA,DFA001
MD-014,Medtronic MiniMed,,,"14",case 14,csv,,,,DFA,DFA001
MD-015,Medtronic MiniMed,,,"15",case 15,csv,,,,DFA,DFA001
MD-016,Medtronic MiniMed,,,"16",case 16,csv,,,,DFA,DFA001
MD-017,Medtronic MiniMed,,,"17",case 17,csv,,,,DFA,DFA001
MD-018,Medtronic MiniMed,,,"18",case 18,csv,,,,DFA,DFA001
MD-019,Medtronic MiniMed,,,"19",case 19,csv,,,,DFA,DFA001
MD-020,Medtronic MiniMed,,,"20",case 20,csv,,,,DFA,DFA001
MD-021,Medtronic MiniMed,,,"21",case 21,csv,,,,DFA,DFA001
MD-022,Medtronic MiniMed,,,"22",case 22,csv,,,,DFA,DFA001
MD-023,Medtronic MiniMed,,,"23",case 23,csv,,,,DFA,DFA001
MD-024,Medtronic MiniMed,,,"24",case 24,csv,,,,DFA,DFA001
MD-025,Medtronic MiniMed,,,"25",case 25,csv,,,,DFA,DFA001
MD-026,Medtronic MiniMed,,,"26",case 26,csv,,,,DFA,DFA001
MD-027,Medtronic MiniMed,,,"27",case 27,csv,,,,DFA,DFA001
MD-028,Medtronic MiniMed,,,"28",case 28,csv,,,,DFA,DFA001
MD-029,Medtronic MiniMed,,,"29",case 29,csv,,,,DFA,DFA001
MD-030,Medtronic MiniMed,,,"30",case 30,csv,,,,DFA,DFA001
MD-031,Medtronic MiniMed,,,"31",case 31,csv,,,,DFA,DFA001
MD-032,Medtronic MiniMed,,,"32",case 32,csv,,,,DFA,DFA001
MD-033,Medtronic MiniMed,,,"33",case 33,csv,,,,DFA,DFA001
MD-034,Medtronic MiniMed,,,"34",case 34,csv,,,,DFA,DFA001
MD-035,Medtronic MiniMed,,,"35",case 35,csv,,,,DFA,DFA001
MD-036,Medtronic MiniMed,,,"36",case 36,csv,,,,DFA,DFA001
MD-037,Medtronic MiniMed,,,"37",case 37,csv,,,,DFA,DFA001
MD-038,Medtronic MiniMed,,,"38",case 38,csv,,,,DFA,DFA001
MD-039,Medtronic MiniMed,,,"39",case 39,csv,,,,DFA,DFA001
MD-040,Medtronic MiniMed,,,"40",case 40,csv,,,,DFA,DFA001
MD-041,Medtronic MiniMed,,,"41",case 41,csv,,,,DFA,DFA001
MD-042,Medtronic MiniMed,,,"42",case 42,csv,,,,DFA,DFA001
MD-043,Medtronic MiniMed,,,"43",case 43,csv,,,,DFA,DFA001
MD-044,Medtronic MiniMed,,,"44",case 44,csv,,,,DFA,DFA001
MD-045,Medtronic MiniMed,,,"45",case 45,csv,,,,DFA,DFA001
MD-046,Medtronic MiniMed,,,"46",case 46,csv,,,,DFA,DFA001
MD-047,Medtronic MiniMed,,,"47",case 47,csv,,,,DFA,DFA001
MD-048,Medtronic MiniMed,,,"48",case 48,csv,,,,DFA,DFA001
MD-049,Medtronic MiniMed,,,"49",case 49,csv,,,,DFA,DFA001
MD-050,Medtronic MiniMed,,,"50",case 50,csv,,,,DFA,DFA001
MD-051,Medtronic MiniMed,,,"51",case 51,csv,,,,DFA,DFA001
MD-052,Medtronic MiniMed,,,"52",case 52,csv,,,,DFA,DFA001
MD-053,Medtronic MiniMed,,,"53",case 53,csv,,,,DFA,DFA001
MD-054,Medtronic MiniMed,,,"54",case 54,csv,,,,DFA,DFA001
MD-055,Medtronic MiniMed,,,"55",case 55,csv,,,,DFA,DFA001
MD-056,Medtronic MiniMed,,,"56",case 56,csv,,,,DFA,DFA001
MD-057,Medtronic MiniMed,,,"57",case 57,csv,,,,DFA,DFA001
MD-058,Medtronic MiniMed,,,"58",case 58,csv,,,,DFA,DFA001
MD-059,Medtronic MiniMed,,,"59",case 59,csv,,,,DFA,DFA001
MD-060,Medtronic MiniMed,,,"60",case 60,csv,,,,DFA,DFA001
MD-061,Medtronic MiniMed,,,"61",case 61,csv,,,,DFA,DFA001
MD-062,Medtronic MiniMed,,,"62",case 62,csv,,,,DFA,DFA001
MD-063,Medtronic MiniMed,,,"63",case 63,csv,,,,DFA,DFA001
MD-064,Medtronic MiniMed,,,"64",case 64,csv,,,,DFA,DFA001
MD-065,Medtronic MiniMed,,,"65",case 65,csv,,,,DFA,DFA001
MD-066,Medtronic MiniMed,,,"66",case 66,csv,,,,DFA,DFA001
MD-067,Medtronic MiniMed,,,"67",case 67,csv,,,,DFA,DFA001
MD-068,Medtronic MiniMed,,,"68",case 68,csv,,,,DFA,DFA001
MD-069,Medtronic MiniMed,,,"69",case 69,csv,,,,DFA,DFA001
MD-070,Medtronic MiniMed,,,"70",case 70,csv,,,,DFA,DFA001
MD-071,Medtronic MiniMed,,,"71",case 71,csv,,,,DFA,DFA001
MD-072,Medtronic MiniMed,,,"72",case 72,csv,,,,DFA,DFA001
MD-073,Medtronic MiniMed,,,"73",case 73,csv,,,,DFA,DFA001
MD-074,Medtronic MiniMed,,,"74",case 74,csv,,,,DFA,DFA001
MD-075,Medtronic MiniMed,,,"75",case 75,csv,,,,DFA,DFA001
MD-076,Medtronic MiniMed,,,"76",case 76,csv,,,,DFA,DFA001
MD-077,Medtronic MiniMed,,,"77",case 77,csv,,,,DFA,DFA001
MD-078,Medtronic MiniMed,,,"78",case 78,csv,,,,DFA,DFA001
MD-079,Medtronic MiniMed,,,"79",case 79,csv,,,,DFA,DFA001
MD-080,Medtronic MiniMed,,,"80",case 80,csv,,,,DFA,DFA001
MD-081,Medtronic MiniMed,,,"81",case 81,csv,,,,DFA,DFA001
MD-082,Medtronic MiniMed,,,"82",case 82,csv,,,,DFA,DFA001
MD-083,Medtronic MiniMed,,,"83",case 83,csv,,,,DFA,DFA001
MD-084,Medtronic MiniMed,,,"84",case 84,csv,,,,DFA,DFA001
MD-085,Medtronic MiniMed,,,"85",case 85,csv,,,,DFA,DFA001
MD-086,Medtronic MiniMed,,,"86",case 86,csv,,,,DFA,DFA001
MD-087,Medtronic MiniMed,,,"87",case 87,csv,,,,DFA,DFA001
MD-088,Medtronic MiniMed,,,"88",case 88,csv,,,,DFA,DFA001
MD-089,Medtronic MiniMed,,,"89",case 89,csv,,,,DFA,DFA001
MD-090,Medtronic MiniMed,,,"90",case 90,csv,,,,DFA,DFA001
MD-091,Medtronic MiniMed,,,"91",case 91,csv,,,,DFA,DFA001
MD-092,Medtronic MiniMed,,,"92",case 92,csv,,,,DFA,DFA001
MD-093,Medtronic MiniMed,,,"93",case 93,csv,,,,DFA,DFA001
MD-094,Medtronic MiniMed,,,"94",case 94,csv,,,,DFA,DFA001
MD-095,Medtronic MiniMed,,,"95",case 95,csv,,,,DFA,DFA001
MD-096,Medtronic MiniMed,,,"96",case 96,csv,,,,DFA,DFA001
MD-097,Medtronic MiniMed,,,"97",case 97,csv,,,,DFA,DFA001
MD-098,Medtronic MiniMed,,,"98",case 98,csv,,,,DFA,DFA001
MD-099,Medtronic MiniMed,,,"99",case 99,csv,,,,DFA,DFA001
MD-100,Medtronic MiniMed,,,"100",case 100,csv,,,,DFA,DFA001
MD-101,Medtronic MiniMed,,,"101",case 101,csv,,,,DFA,DFA001
MD-102,Medtronic MiniMed,,,"102",case 102,csv,,,,DFA,DFA001
MD-103,Medtronic MiniMed,,,"103",case 103,csv,,,,DFA,DFA001
MD-104,Medtronic MiniMed,,,"104",case 104,csv,,,,DFA,DFA001
MD-105,Medtronic MiniMed,,,"105",case 105,csv,,,,DFA,DFA001
MD-106,Medtronic MiniMed,,,"106",case 106,csv,,,,DFA,DFA001
MD-107,Medtronic MiniMed,,,"107",case 107,csv,,,,DFA,DFA001
MD-108,Medtronic MiniMed,,,"108",case 108,csv,,,,DFA,DFA001
MD-109,Medtronic MiniMed,,,"109",case 109,csv,,,,DFA,DFA001
MD-110,Medtronic MiniMed,,,"110",case 110,csv,,,,DFA,DFA001
MD-111,Medtronic MiniMed,,,"111",case 111,csv,,,,DFA,DFA001
MD-112,Medtronic MiniMed,,,"112",case 112,csv,,,,DFA,DFA001
MD-113,Medtronic MiniMed,,,"113",case 113,csv,,,,DFA,DFA001
MD-114,Medtronic MiniMed,,,"114",case 114,csv,,,,DFA,DFA001
MD-115,Medtronic MiniMed,,,"115",case 115,csv,,,,DFA,DFA001
MD-116,Medtronic MiniMed,,,"116",case 116,csv,,,,DFA,DFA001
MD-117,Medtronic MiniMed,,,"117",case 117,csv,,,,DFA,DFA001
MD-118,Medtronic MiniMed,,,"118",case 118,csv,,,,DFA,DFA001
MD-119,Medtronic MiniMed,,,"119",case 119,csv,,,,DFA,DFA001
MD-120,Medtronic MiniMed,,,"120",case 120,csv,,,,DFA,DFA001
MD-121,Medtronic MiniMed,,,"121",case 121,csv,,,,DFA,DFA001
MD-122,Medtronic MiniMed,,,"122",case 122,csv,,,,DFA,DFA001
MD-123,Medtronic MiniMed,,,"123",case 123,csv,,,,DFA,DFA001
MD-124,Medtronic MiniMed,,,"124",case 124,csv,,,,DFA,DFA001
MD-125,Medtronic MiniMed,,,"125",case 125,csv,,,,DFA,DFA001
MD-126,Medtronic MiniMed,,,"126",case 126,csv,,,,DFA,DFA001
MD-127,Medtronic MiniMed,,,"127",case 127,csv,,,,DFA,DFA001
MD-128,Medtronic MiniMed,,,"128",case 128,csv,,,,DFA,DFA001
MD-129,Medtronic MiniMed,,,"129",case 129,csv,,,,DFA,DFA001
MD-130,Medtronic MiniMed,,,"130",case 130,csv,,,,DFA,DFA001
MD-131,Medtronic MiniMed,,,"131",case 131,csv,,,,DFA,DFA001
MD-132,Medtronic MiniMed,,,"132",case 132,csv,,,,DFA,DFA001
MD-133,Medtronic MiniMed,,,"133",case 133,csv,,,,DFA,DFA001
MD-134,Medtronic MiniMed,,,"134",case 134,csv,,,,DFA,DFA001
MD-135,Medtronic MiniMed,,,"135",case 135,csv,,,,DFA,DFA001
MD-136,Medtronic MiniMed,,,"136",case 136,csv,,,,DFA,DFA001
MD-137,Medtronic MiniMed,,,"137",case 137,csv,,,,DFA,DFA001
MD-138,Medtronic MiniMed,,,"138",case 138,csv,,,,DFA,DFA001
MD-139,Medtronic MiniMed,,,"139",case 139,csv,,,,DFA,DFA001
MD-140,Medtronic MiniMed,,,"140",case 140,csv,,,,DFA,DFA001
MD-141,Medtronic MiniMed,,,"141",case 141,csv,,,,DFA,DFA001
MD-142,Medtronic MiniMed,,,"142",case 142,csv,,,,DFA,DFA001
MD-143,Medtronic MiniMed,,,"143",case 143,csv,,,,DFA,DFA001
MD-144,Medtronic MiniMed,,,"144",case 144,csv,,,,DFA,DFA001
MD-145,Medtronic MiniMed,,,"145",case 145,csv,,,,DFA,DFA001
MD-146,Medtronic MiniMed,,,"146",case 146,csv,,,,DFA,DFA001
MD-147,Medtronic MiniMed,,,"147",case 147,csv,,,,DFA,DFA001
MD-148,Medtronic MiniMed,,,"148",case 148,csv,,,,DFA,DFA001
MD-149,Medtronic MiniMed,,,"149",case 149,csv,,,,DFA,DFA001
MD-150,Medtronic MiniMed,,,"150",case 150,csv,,,,DFA,DFA001
MD-151,Medtronic MiniMed,,,"151",case 151,csv,,,,DFA,DFA001
MD-152,Medtronic MiniMed,,,"152",case 152,csv,,,,DFA,DFA001
MD-153,Medtronic MiniMed,,,"153",case 153,csv,,,,DFA,DFA001
MD-154,Medtronic MiniMed,,,"154",case 154,csv,,,,DFA,DFA001
MD-155,Medtronic MiniMed,,,"155",case 155,csv,,,,DFA,DFA001
MD-156,Medtronic MiniMed,,,"156",case 156,csv,,,,DFA,DFA001
MD-157,Medtronic MiniMed,,,"157",case 157,csv,,,,DFA,DFA001
MD-158,Medtronic MiniMed,,,"158",case 158,csv,,,,DFA,DFA001
MD-159,Medtronic MiniMed,,,"159",case 159,csv,,,,DFA,DFA001
MD-160,Medtronic MiniMed,,,"160",case 160,csv,,,,DFA,DFA001
MD-161,Medtronic MiniMed,,,"161",case 161,csv,,,,DFA,DFA001
MD-162,Medtronic MiniMed,,,"162",case 162,csv,,,,DFA,DFA001
MD-163,Medtronic MiniMed,,,"163",case 163,csv,,,,DFA,DFA001
MD-164,Medtronic MiniMed,,,"164",case 164,csv,,,,DFA,DFA001
MD-165,Medtronic MiniMed,,,"165",case 165,csv,,,,DFA,DFA001
MD-166,Medtronic MiniMed,,,"166",case 166,csv,,,,DFA,DFA001
MD-167,Medtronic MiniMed,,,"167",case 167,csv,,,,DFA,DFA001
MD-168,Medtronic MiniMed,,,"168",case 168,csv,,,,DFA,DFA001
MD-169,Medtronic MiniMed,,,"169",case 169,csv,,,,DFA,DFA001
MD-170,Medtronic MiniMed,,,"170",case 170,csv,,,,DFA,DFA001
MD-171,Medtronic MiniMed,,,"171",case 171,csv,,,,DFA,DFA001
MD-172,Medtronic MiniMed,,,"172",case 172,csv,,,,DFA,DFA001
MD-173,Medtronic MiniMed,,,"173",case 173,csv,,,,DFA,DFA001
MD-174,Medtronic MiniMed,,,"174",case 174,csv,,,,DFA,DFA001
MD-175,Medtronic MiniMed,,,"175",case 175,csv,,,,DFA,DFA001
MD-176,Medtronic MiniMed,,,"176",case 176,csv,,,,DFA,DFA001
MD-177,Medtronic MiniMed,,,"177",case 177,csv,,,,DFA,DFA001
MD-178,Medtronic MiniMed,,,"178",case 178,csv,,,,DFA,DFA001
MD-179,Medtronic MiniMed,,,"179",case 179,csv,,,,DFA,DFA001
MD-180,Medtronic MiniMed,,,"180",case 180,csv,,,,DFA,DFA001
MD-181,Medtronic MiniMed,,,"181",case 181,csv,,,,DFA,DFA001
MD-182,Medtronic MiniMed,,,"182",case 182,csv,,,,DFA,DFA001
MD-183,Medtronic MiniMed,,,"183",case 183,csv,,,,DFA,DFA001
MD-184,Medtronic MiniMed,,,"184",case 184,csv,,,,DFA,DFA001
MD-185,Medtronic MiniMed,,,"185",case 185,csv,,,,DFA,DFA001
MD-186,Medtronic MiniMed,,,"186",case 186,csv,,,,DFA,DFA001
MD-187,Medtronic MiniMed,,,"187",case 187,csv,,,,DFA,DFA001
MD-188,Medtronic MiniMed,,,"188",case 188,csv,,,,DFA,DFA001
MD-189,Medtronic MiniMed,,,"189",case 189,csv,,,,DFA,DFA001
MD-190,Medtronic MiniMed,,,"190",case 190,csv,,,,DFA,DFA001
MD-191,Medtronic MiniMed,,,"191",case 191,csv,,,,DFA,DFA001
MD-192,Medtronic MiniMed,,,"192",case 192,csv,,,,DFA,DFA001
MD-193,Medtronic MiniMed,,,"193",case 193,csv,,,,DFA,DFA001
MD-194,Medtronic MiniMed,,,"194",case 194,csv,,,,DFA,DFA001
MD-195,Medtronic MiniMed,,,"195",case 195,csv,,,,DFA,DFA001
MD-196,Medtronic MiniMed,,,"196",case 196,csv,,,,DFA,DFA001
MD-197,Medtronic MiniMed,,,"197",case 197,csv,,,,DFA,DFA001
MD-198,Medtronic MiniMed,,,"198",case 198,csv,,,,DFA,DFA001
MD-199,Medtronic MiniMed,,,"199",case 199,csv,,,,DFA,DFA001
MD-200,Medtronic MiniMed,,,"200",case 200,csv,,,,DFA,DFA001
MD-201,Medtronic MiniMed,,,"201",case 201,csv,,,,DFA,DFA001
MD-202,Medtronic MiniMed,,,"202",case 202,csv,,,,DFA,DFA001
MD-203,Medtronic MiniMed,,,"203",case 203,csv,,,,DFA,DFA001
MD-204,Medtronic MiniMed,,,"204",case 204,csv,,,,DFA,DFA001
MD-205,Medtronic MiniMed,,,"205",case 205,csv,,,,DFA,DFA001
MD-206,Medtronic MiniMed,,,"206",case 206,csv,,,,DFA,DFA001
MD-207,Medtronic MiniMed,,,"207",case 207,csv,,,,DFA,DFA001
MD-208,Medtronic MiniMed,,,"208",case 208,csv,,,,DFA,DFA001
MD-209,Medtronic MiniMed,,,"209",case 209,csv,,,,DFA,DFA001