metadata_id,devicename,device_id,source_platform,patient_id,file_name,file_format,file_upload_date,data_start_date,data_end_date,study_id
MD-001,Medtronic MiniMed,,,"DFA-1",case 1,csv,,,,DFA
MD-002,Medtronic MiniMed,,,"DFA-2",case 2,csv,,,,DFA
MD-003,Medtronic MiniMed,,,"DFA-3",case 3,csv,,,,DFA
MD-004,Medtronic MiniMed,,,"DFA-4",case 4,csv,,,,DFA
MD-005,Medtronic MiniMed,,,"DFA-5",case 5,csv,,,,DFA
MD-006,Medtronic MiniMed,,,"DFA-6",case 6,csv,,,,DFA
MD-007,Medtronic MiniMed,,,"DFA-7",case 7,csv,,,,DFA
MD-008,Medtronic MiniMed,,,"DFA-8",case 8,csv,,,,DFA
MD-009,Medtronic MiniMed,,,"DFA-9",case 9,csv,,,,DFA
MD-010,Medtronic MiniMed,,,"DFA-10",case 10,csv,,,,DFA
MD-011,Medtronic MiniMed,,,"DFA-11",case 11,csv,,,,DFA
MD-012,Medtronic MiniMed,,,"DFA-12",case 12,csv,,,,DFA
MD-013,Medtronic MiniMed,,,"DFA-13",case 13,csv,,,,DFA
MD-014,Medtronic MiniMed,,,"DFA-14",case 14,csv,,,,DFA
MD-015,Medtronic MiniMed,,,"DFA-15",case 15,csv,,,,DFA
MD-016,Medtronic MiniMed,,,"DFA-16",case 16,csv,,,,DFA
MD-017,Medtronic MiniMed,,,"DFA-17",case 17,csv,,,,DFA
MD-018,Medtronic MiniMed,,,"DFA-18",case 18,csv,,,,DFA
MD-019,Medtronic MiniMed,,,"DFA-19",case 19,csv,,,,DFA
MD-020,Medtronic MiniMed,,,"DFA-20",case 20,csv,,,,DFA
MD-021,Medtronic MiniMed,,,"DFA-21",case 21,csv,,,,DFA
MD-022,Medtronic MiniMed,,,"DFA-22",case 22,csv,,,,DFA
MD-023,Medtronic MiniMed,,,"DFA-23",case 23,csv,,,,DFA
MD-024,Medtronic MiniMed,,,"DFA-24",case 24,csv,,,,DFA
MD-025,Medtronic MiniMed,,,"DFA-25",case 25,csv,,,,DFA
MD-026,Medtronic MiniMed,,,"DFA-26",case 26,csv,,,,DFA
MD-027,Medtronic MiniMed,,,"DFA-27",case 27,csv,,,,DFA
MD-028,Medtronic MiniMed,,,"DFA-28",case 28,csv,,,,DFA
MD-029,Medtronic MiniMed,,,"DFA-29",case 29,csv,,,,DFA
MD-030,Medtronic MiniMed,,,"DFA-30",case 30,csv,,,,DFA
MD-031,Medtronic MiniMed,,,"DFA-31",case 31,csv,,,,DFA
MD-032,Medtronic MiniMed,,,"DFA-32",case 32,csv,,,,DFA
MD-033,Medtronic MiniMed,,,"DFA-33",case 33,csv,,,,DFA
MD-034,Medtronic MiniMed,,,"DFA-34",case 34,csv,,,,DFA
MD-035,Medtronic MiniMed,,,"DFA-35",case 35,csv,,,,DFA
MD-036,Medtronic MiniMed,,,"DFA-36",case 36,csv,,,,DFA
MD-037,Medtronic MiniMed,,,"DFA-37",case 37,csv,,,,DFA
MD-038,Medtronic MiniMed,,,"DFA-38",case 38,csv,,,,DFA
MD-039,Medtronic MiniMed,,,"DFA-39",case 39,csv,,,,DFA
MD-040,Medtronic MiniMed,,,"DFA-40",case 40,csv,,,,DFA
MD-041,Medtronic MiniMed,,,"DFA-41",case 41,csv,,,,DFA
MD-042,Medtronic MiniMed,,,"DFA-42",case 42,csv,,,,DFA
MD-043,Medtronic MiniMed,,,"DFA-43",case 43,csv,,,,DFA
MD-044,Medtronic MiniMed,,,"DFA-44",case 44,csv,,,,DFA
MD-045,Medtronic MiniMed,,,"DFA-45",case 45,csv,,,,DFA
MD-046,Medtronic MiniMed,,,"DFA-46",case 46,csv,,,,DFA
MD-047,Medtronic MiniMed,,,"DFA-47",case 47,csv,,,,DFA
MD-048,Medtronic MiniMed,,,"DFA-48",case 48,csv,,,,DFA
MD-049,Medtronic MiniMed,,,"DFA-49",case 49,csv,,,,DFA
MD-050,Medtronic MiniMed,,,"DFA-50",case 50,csv,,,,DFA
MD-051,Medtronic MiniMed,,,"DFA-51",case 51,csv,,,,DFA
MD-052,Medtronic MiniMed,,,"DFA-52",case 52,csv,,,,DFA
MD-053,Medtronic MiniMed,,,"DFA-53",case 53,csv,,,,DFA
MD-054,Medtronic MiniMed,,,"DFA-54",case 54,csv,,,,DFA
MD-055,Medtronic MiniMed,,,"DFA-55",case 55,csv,,,,DFA
MD-056,Medtronic MiniMed,,,"DFA-56",case 56,csv,,,,DFA
MD-057,Medtronic MiniMed,,,"DFA-57",case 57,csv,,,,DFA
MD-058,Medtronic MiniMed,,,"DFA-58",case 58,csv,,,,DFA
MD-059,Medtronic MiniMed,,,"DFA-59",case 59,csv,,,,DFA
MD-060,Medtronic MiniMed,,,"DFA-60",case 60,csv,,,,DFA
MD-061,Medtronic MiniMed,,,"DFA-61",case 61,csv,,,,DFA
MD-062,Medtronic MiniMed,,,"DFA-62",case 62,csv,,,,DFA
MD-063,Medtronic MiniMed,,,"DFA-63",case 63,csv,,,,DFA
MD-064,Medtronic MiniMed,,,"DFA-64",case 64,csv,,,,DFA
MD-065,Medtronic MiniMed,,,"DFA-65",case 65,csv,,,,DFA
MD-066,Medtronic MiniMed,,,"DFA-66",case 66,csv,,,,DFA
MD-067,Medtronic MiniMed,,,"DFA-67",case 67,csv,,,,DFA
MD-068,Medtronic MiniMed,,,"DFA-68",case 68,csv,,,,DFA
MD-069,Medtronic MiniMed,,,"DFA-69",case 69,csv,,,,DFA
MD-070,Medtronic MiniMed,,,"DFA-70",case 70,csv,,,,DFA
MD-071,Medtronic MiniMed,,,"DFA-71",case 71,csv,,,,DFA
MD-072,Medtronic MiniMed,,,"DFA-72",case 72,csv,,,,DFA
MD-073,Medtronic MiniMed,,,"DFA-73",case 73,csv,,,,DFA
MD-074,Medtronic MiniMed,,,"DFA-74",case 74,csv,,,,DFA
MD-075,Medtronic MiniMed,,,"DFA-75",case 75,csv,,,,DFA
MD-076,Medtronic MiniMed,,,"DFA-76",case 76,csv,,,,DFA
MD-077,Medtronic MiniMed,,,"DFA-77",case 77,csv,,,,DFA
MD-078,Medtronic MiniMed,,,"DFA-78",case 78,csv,,,,DFA
MD-079,Medtronic MiniMed,,,"DFA-79",case 79,csv,,,,DFA
MD-080,Medtronic MiniMed,,,"DFA-80",case 80,csv,,,,DFA
MD-081,Medtronic MiniMed,,,"DFA-81",case 81,csv,,,,DFA
MD-082,Medtronic MiniMed,,,"DFA-82",case 82,csv,,,,DFA
MD-083,Medtronic MiniMed,,,"DFA-83",case 83,csv,,,,DFA
MD-084,Medtronic MiniMed,,,"DFA-84",case 84,csv,,,,DFA
MD-085,Medtronic MiniMed,,,"DFA-85",case 85,csv,,,,DFA
MD-086,Medtronic MiniMed,,,"DFA-86",case 86,csv,,,,DFA
MD-087,Medtronic MiniMed,,,"DFA-87",case 87,csv,,,,DFA
MD-088,Medtronic MiniMed,,,"DFA-88",case 88,csv,,,,DFA
MD-089,Medtronic MiniMed,,,"DFA-89",case 89,csv,,,,DFA
MD-090,Medtronic MiniMed,,,"DFA-90",case 90,csv,,,,DFA
MD-091,Medtronic MiniMed,,,"DFA-91",case 91,csv,,,,DFA
MD-092,Medtronic MiniMed,,,"DFA-92",case 92,csv,,,,DFA
MD-093,Medtronic MiniMed,,,"DFA-93",case 93,csv,,,,DFA
MD-094,Medtronic MiniMed,,,"DFA-94",case 94,csv,,,,DFA
MD-095,Medtronic MiniMed,,,"DFA-95",case 95,csv,,,,DFA
MD-096,Medtronic MiniMed,,,"DFA-96",case 96,csv,,,,DFA
MD-097,Medtronic MiniMed,,,"DFA-97",case 97,csv,,,,DFA
MD-098,Medtronic MiniMed,,,"DFA-98",case 98,csv,,,,DFA
MD-099,Medtronic MiniMed,,,"DFA-99",case 99,csv,,,,DFA
MD-100,Medtronic MiniMed,,,"DFA-100",case 100,csv,,,,DFA
MD-101,Medtronic MiniMed,,,"DFA-101",case 101,csv,,,,DFA
MD-102,Medtronic MiniMed,,,"DFA-102",case 102,csv,,,,DFA
MD-103,Medtronic MiniMed,,,"DFA-103",case 103,csv,,,,DFA
MD-104,Medtronic MiniMed,,,"DFA-104",case 104,csv,,,,DFA
MD-105,Medtronic MiniMed,,,"DFA-105",case 105,csv,,,,DFA
MD-106,Medtronic MiniMed,,,"DFA-106",case 106,csv,,,,DFA
MD-107,Medtronic MiniMed,,,"DFA-107",case 107,csv,,,,DFA
MD-108,Medtronic MiniMed,,,"DFA-108",case 108,csv,,,,DFA
MD-109,Medtronic MiniMed,,,"DFA-109",case 109,csv,,,,DFA
MD-110,Medtronic MiniMed,,,"DFA-110",case 110,csv,,,,DFA
MD-111,Medtronic MiniMed,,,"DFA-111",case 111,csv,,,,DFA
MD-112,Medtronic MiniMed,,,"DFA-112",case 112,csv,,,,DFA
MD-113,Medtronic MiniMed,,,"DFA-113",case 113,csv,,,,DFA
MD-114,Medtronic MiniMed,,,"DFA-114",case 114,csv,,,,DFA
MD-115,Medtronic MiniMed,,,"DFA-115",case 115,csv,,,,DFA
MD-116,Medtronic MiniMed,,,"DFA-116",case 116,csv,,,,DFA
MD-117,Medtronic MiniMed,,,"DFA-117",case 117,csv,,,,DFA
MD-118,Medtronic MiniMed,,,"DFA-118",case 118,csv,,,,DFA
MD-119,Medtronic MiniMed,,,"DFA-119",case 119,csv,,,,DFA
MD-120,Medtronic MiniMed,,,"DFA-120",case 120,csv,,,,DFA
MD-121,Medtronic MiniMed,,,"DFA-121",case 121,csv,,,,DFA
MD-122,Medtronic MiniMed,,,"DFA-122",case 122,csv,,,,DFA
MD-123,Medtronic MiniMed,,,"DFA-123",case 123,csv,,,,DFA
MD-124,Medtronic MiniMed,,,"DFA-124",case 124,csv,,,,DFA
MD-125,Medtronic MiniMed,,,"DFA-125",case 125,csv,,,,DFA
MD-126,Medtronic MiniMed,,,"DFA-126",case 126,csv,,,,DFA
MD-127,Medtronic MiniMed,,,"DFA-127",case 127,csv,,,,DFA
MD-128,Medtronic MiniMed,,,"DFA-128",case 128,csv,,,,DFA
MD-129,Medtronic MiniMed,,,"DFA-129",case 129,csv,,,,DFA
MD-130,Medtronic MiniMed,,,"DFA-130",case 130,csv,,,,DFA
MD-131,Medtronic MiniMed,,,"DFA-131",case 131,csv,,,,DFA
MD-132,Medtronic MiniMed,,,"DFA-132",case 132,csv,,,,DFA
MD-133,Medtronic MiniMed,,,"DFA-133",case 133,csv,,,,DFA
MD-134,Medtronic MiniMed,,,"DFA-134",case 134,csv,,,,DFA
MD-135,Medtronic MiniMed,,,"DFA-135",case 135,csv,,,,DFA
MD-136,Medtronic MiniMed,,,"DFA-136",case 136,csv,,,,DFA
MD-137,Medtronic MiniMed,,,"DFA-137",case 137,csv,,,,DFA
MD-138,Medtronic MiniMed,,,"DFA-138",case 138,csv,,,,DFA
MD-139,Medtronic MiniMed,,,"DFA-139",case 139,csv,,,,DFA
MD-140,Medtronic MiniMed,,,"DFA-140",case 140,csv,,,,DFA
MD-141,Medtronic MiniMed,,,"DFA-141",case 141,csv,,,,DFA
MD-142,Medtronic MiniMed,,,"DFA-142",case 142,csv,,,,DFA
MD-143,Medtronic MiniMed,,,"DFA-143",case 143,csv,,,,DFA
MD-144,Medtronic MiniMed,,,"DFA-144",case 144,csv,,,,DFA
MD-145,Medtronic MiniMed,,,"DFA-145",case 145,csv,,,,DFA
MD-146,Medtronic MiniMed,,,"DFA-146",case 146,csv,,,,DFA
MD-147,Medtronic MiniMed,,,"DFA-147",case 147,csv,,,,DFA
MD-148,Medtronic MiniMed,,,"DFA-148",case 148,csv,,,,DFA
MD-149,Medtronic MiniMed,,,"DFA-149",case 149,csv,,,,DFA
MD-150,Medtronic MiniMed,,,"DFA-150",case 150,csv,,,,DFA
MD-151,Medtronic MiniMed,,,"DFA-151",case 151,csv,,,,DFA
MD-152,Medtronic MiniMed,,,"DFA-152",case 152,csv,,,,DFA
MD-153,Medtronic MiniMed,,,"DFA-153",case 153,csv,,,,DFA
MD-154,Medtronic MiniMed,,,"DFA-154",case 154,csv,,,,DFA
MD-155,Medtronic MiniMed,,,"DFA-155",case 155,csv,,,,DFA
MD-156,Medtronic MiniMed,,,"DFA-156",case 156,csv,,,,DFA
MD-157,Medtronic MiniMed,,,"DFA-157",case 157,csv,,,,DFA
MD-158,Medtronic MiniMed,,,"DFA-158",case 158,csv,,,,DFA
MD-159,Medtronic MiniMed,,,"DFA-159",case 159,csv,,,,DFA
MD-160,Medtronic MiniMed,,,"DFA-160",case 160,csv,,,,DFA
MD-161,Medtronic MiniMed,,,"DFA-161",case 161,csv,,,,DFA
MD-162,Medtronic MiniMed,,,"DFA-162",case 162,csv,,,,DFA
MD-163,Medtronic MiniMed,,,"DFA-163",case 163,csv,,,,DFA
MD-164,Medtronic MiniMed,,,"DFA-164",case 164,csv,,,,DFA
MD-165,Medtronic MiniMed,,,"DFA-165",case 165,csv,,,,DFA
MD-166,Medtronic MiniMed,,,"DFA-166",case 166,csv,,,,DFA
MD-167,Medtronic MiniMed,,,"DFA-167",case 167,csv,,,,DFA
MD-168,Medtronic MiniMed,,,"DFA-168",case 168,csv,,,,DFA
MD-169,Medtronic MiniMed,,,"DFA-169",case 169,csv,,,,DFA
MD-170,Medtronic MiniMed,,,"DFA-170",case 170,csv,,,,DFA
MD-171,Medtronic MiniMed,,,"DFA-171",case 171,csv,,,,DFA
MD-172,Medtronic MiniMed,,,"DFA-172",case 172,csv,,,,DFA
MD-173,Medtronic MiniMed,,,"DFA-173",case 173,csv,,,,DFA
MD-174,Medtronic MiniMed,,,"DFA-174",case 174,csv,,,,DFA
MD-175,Medtronic MiniMed,,,"DFA-175",case 175,csv,,,,DFA
MD-176,Medtronic MiniMed,,,"DFA-176",case 176,csv,,,,DFA
MD-177,Medtronic MiniMed,,,"DFA-177",case 177,csv,,,,DFA
MD-178,Medtronic MiniMed,,,"DFA-178",case 178,csv,,,,DFA
MD-179,Medtronic MiniMed,,,"DFA-179",case 179,csv,,,,DFA
MD-180,Medtronic MiniMed,,,"DFA-180",case 180,csv,,,,DFA
MD-181,Medtronic MiniMed,,,"DFA-181",case 181,csv,,,,DFA
MD-182,Medtronic MiniMed,,,"DFA-182",case 182,csv,,,,DFA
MD-183,Medtronic MiniMed,,,"DFA-183",case 183,csv,,,,DFA
MD-184,Medtronic MiniMed,,,"DFA-184",case 184,csv,,,,DFA
MD-185,Medtronic MiniMed,,,"DFA-185",case 185,csv,,,,DFA
MD-186,Medtronic MiniMed,,,"DFA-186",case 186,csv,,,,DFA
MD-187,Medtronic MiniMed,,,"DFA-187",case 187,csv,,,,DFA
MD-188,Medtronic MiniMed,,,"DFA-188",case 188,csv,,,,DFA
MD-189,Medtronic MiniMed,,,"DFA-189",case 189,csv,,,,DFA
MD-190,Medtronic MiniMed,,,"DFA-190",case 190,csv,,,,DFA
MD-191,Medtronic MiniMed,,,"DFA-191",case 191,csv,,,,DFA
MD-192,Medtronic MiniMed,,,"DFA-192",case 192,csv,,,,DFA
MD-193,Medtronic MiniMed,,,"DFA-193",case 193,csv,,,,DFA
MD-194,Medtronic MiniMed,,,"DFA-194",case 194,csv,,,,DFA
MD-195,Medtronic MiniMed,,,"DFA-195",case 195,csv,,,,DFA
MD-196,Medtronic MiniMed,,,"DFA-196",case 196,csv,,,,DFA
MD-197,Medtronic MiniMed,,,"DFA-197",case 197,csv,,,,DFA
MD-198,Medtronic MiniMed,,,"DFA-198",case 198,csv,,,,DFA
MD-199,Medtronic MiniMed,,,"DFA-199",case 199,csv,,,,DFA
MD-200,Medtronic MiniMed,,,"DFA-200",case 200,csv,,,,DFA
MD-201,Medtronic MiniMed,,,"DFA-201",case 201,csv,,,,DFA
MD-202,Medtronic MiniMed,,,"DFA-202",case 202,csv,,,,DFA
MD-203,Medtronic MiniMed,,,"DFA-203",case 203,csv,,,,DFA
MD-204,Medtronic MiniMed,,,"DFA-204",case 204,csv,,,,DFA
MD-205,Medtronic MiniMed,,,"DFA-205",case 205,csv,,,,DFA
MD-206,Medtronic MiniMed,,,"DFA-206",case 206,csv,,,,DFA
MD-207,Medtronic MiniMed,,,"DFA-207",case 207,csv,,,,DFA
MD-208,Medtronic MiniMed,,,"DFA-208",case 208,csv,,,,DFA
