DeidentID,RecID,AntibodyTestDt,IAAValue,IAAStatus,IA2Value,IA2Status,GAD65Value,GAD65Status,ZnT8Value,ZnT8Status,Hba1cTestDt,Hba1cValue
1,1,1/1/2000,0.001,Negative,0.000,Negative,0.000,Negative,0.005,Negative,1/1/2000,5.3
32,3,1/15/2000,0.002,Negative,0.000,Negative,11.000,Negative,0.007,Negative,1/15/2000,5.1
8,6,1/22/2000,0.001,Negative,0.000,Negative,0.000,Negative,-0.001,Negative,1/22/2000,4.9
31,7,1/22/2000,0.003,Negative,0.000,Negative,0.000,Negative,-0.003,Negative,1/22/2000,4.8
4,8,4/27/2000,-0.009,Negative,0.000,Negative,0.000,Negative,0.006,Negative,4/27/2000,5.2
36,9,2/14/2000,0.007,Negative,0.000,Negative,0.000,Negative,0.001,Negative,2/14/2000,4.6
45,10,2/12/2000,-0.002,Negative,0.000,Negative,0.000,Negative,0.012,Negative,2/12/2000,5.1
33,11,2/10/2000,-0.003,Negative,0.000,Negative,0.000,Negative,0.004,Negative,2/10/2000,4.7
25,12,2/10/2000,0.007,Negative,0.000,Negative,0.000,Negative,-0.004,Negative,2/10/2000,4.6
53,13,2/19/2000,-0.001,Negative,0.000,Negative,0.000,Negative,-0.004,Negative,2/19/2000,4.9
47,14,2/10/2000,-0.005,Negative,0.000,Negative,0.000,Negative,-0.087,Negative,2/10/2000,4.7
10,15,2/12/2000,0.003,Negative,0.000,Negative,0.000,Negative,0.005,Negative,2/12/2000,5.0
3,16,2/12/2000,-0.005,Negative,0.000,negative,0.000,Negative,-0.003,Negative,2/12/2000,5.1
26,17,2/19/2000,-0.001,Negative,0.000,Negative,0.000,Negative,-0.002,Negative,2/19/2000,4.9
38,18,2/17/2000,-0.003,Negative,0.000,Negative,0.000,Negative,-0.006,Negative,2/17/2000,5.3
50,19,2/26/2000,-0.002,Negative,0.000,Negative,0.000,Negative,-0.001,Negative,2/26/2000,5.0
21,20,2/26/2000,-0.003,Negative,0.000,Negative,0.000,Negative,0.001,Negative,2/26/2000,5.2
49,22,2/24/2000,0.001,Negative,0.000,Negative,0.000,Negative,-0.006,Negative,2/24/2000,5.3
16,23,3/13/2000,-0.003,Negative,0.000,Negative,0.000,Negative,-0.004,Negative,3/18/2000,5.3
9,25,3/4/2000,-0.002,Negative,0.000,Negative,0.000,Negative,-0.002,Negative,3/4/2000,4.9
5,26,3/4/2000,-0.001,Negative,0.000,Negative,0.000,Negative,-0.003,Negative,3/4/2000,5.4
24,27,3/16/2000,0.003,Negative,0.000,Negative,0.000,Negative,-0.003,Negative,3/16/2000,4.8
6,28,3/16/2000,-0.007,Negative,0.000,Negative,0.000,Negative,-0.003,Negative,3/16/2000,5.2
2,29,3/30/2000,-0.001,Negative,0.000,Negative,0.000,Negative,-0.004,Negative,3/30/2000,4.7
39,30,3/18/2000,0.004,Negative,0.000,Negative,0.000,Negative,-0.001,Negative,3/18/2000,4.9
30,31,5/8/2000,-0.002,Negative,0.000,Negative,0.000,Negative,-0.013,Negative,5/8/2000,5.1
46,32,5/4/2000,-0.002,Negative,0.000,Negative,0.000,Negative,-0.013,Negative,5/4/2000,5.0
20,33,4/6/2000,0.003,Negative,0.000,Negative,0.000,Negative,-0.002,Negative,4/6/2000,5.2
48,34,4/6/2000,0.001,Negative,0.000,Negative,0.000,Negative,0.003,Negative,4/6/2000,5.1
51,35,4/10/2000,0.009,Negative,0.000,Negative,0.000,Negative,-0.001,Negative,4/10/2000,4.8
11,36,4/8/2000,0.002,Negative,0.000,Negative,0.000,Negative,0.001,Negative,4/8/2000,4.8
37,37,4/21/2000,-0.001,Negative,0.000,Negative,0.000,Negative,0.006,Negative,4/17/2000,4.8
7,38,4/8/2000,-0.001,Negative,0.000,Negative,0.000,Negative,0.006,Negative,4/8/2000,5.3
54,39,4/17/2000,0.002,Negative,0.000,Negative,0.000,Negative,0.010,Negative,4/17/2000,5.3
28,40,4/27/2000,-0.007,Negative,0.000,Negative,0.000,Negative,-0.001,Negative,4/27/2000,4.9
14,41,4/27/2000,-0.007,Negative,0.000,Negative,0.000,Negative,-0.002,Negative,4/27/2000,5.3
42,46,1/15/2000,0.028,Positive,515.000,Positive,185.000,Positive,0.256,Positive,1/15/2000,4.8
18,47,1/24/2000,0.016,Positive,1.000,Negative,6.000,Negative,-0.003,Negative,1/24/2000,4.8
13,48,2/24/2000,0.002,Negative,0.000,Negative,0.000,Negative,-0.002,Negative,2/24/2000,5.7
52,49,3/9/2000,0.056,Positive,0.000,Negative,0.000,Negative,-0.004,Negative,3/9/2000,5.0
27,2,1/13/2000,0.003,Negative,0.000,Negative,0.000,Negative,-0.004,Negative,1/13/2000,4.8
43,4,1/13/2000,-0.003,Negative,0.000,Negative,0.000,Negative,-0.003,Negative,1/13/2000,5.0
23,5,2/17/2000,-0.001,Negative,0.000,Negative,0.000,Negative,-0.005,Negative,2/17/2000,5.1
41,21,2/26/2000,-0.004,Negative,0.000,Negative,0.000,Negative,0.007,Negative,2/26/2000,5.2
15,24,3/4/2000,0.000,Negative,0.000,Negative,0.000,Negative,-0.002,Negative,3/4/2000,4.8
